"Medium Businesses Profiles :  Financial ratios, incorporated businesses, Canada, 2017",,,,,,,,,,,,,,,,,,,,,,,,,,,,,,,,,,,,,,,,,,,,,,,,,,,,
"Source : Statistics Canada, 2017",,,,,,,,,,,,,,,,,,,,,,,,,,,,,,,,,,,,,,,,,,,,,,,,,,,,
,,,,,,,,,,,,,,,,,,,,,,,,,,,,,,,,,,,,,,,,,,,,,,,,,,,,
"Note : Values are averages in current dollars ( x $1,000) unless otherwise indicated. Data includes entrprises reporting annual total revenues of $5,000,001 to $20,000,000, inclusively. Calculations are profit margin based.",,,,,,,,,,,,,,,,,,,,,,,,,,,,,,,,,,,,,,,,,,,,,,,,,,,,
,,,,,,,,,,,,,,,,,,,,,,,,,,,,,,,,,,,,,,,,,,,,,,,,,,,,
ID,"North American Industry Classification System, NAICS - code","North American Industry Classification System, NAICS",Geography - code,Geography,Location indicator - code,Location indicator,Incorporation status - code,Incorporation status,Reference year,Total number of businesses,"All businesses, minimum revenue value","All businesses, maximum revenue value","Businesses in first quartile, minimum value in revenue range","Businesses in first quartile, maximum value in revenue range","Businesses in second quartile, minimum value in revenue range","Businesses in second quartile, maximum value in revenue range","Businesses in third quartile, minimum value in revenue range","Businesses in third quartile, maximum value in revenue range","Businesses in fourth quartile, minimum value in revenue range","Businesses in fourth quartile, maximum value in revenue range",Total revenue,"Total revenue, quality indicator","Total revenue, first quartile","Total revenue, second quartile","Total revenue, third quartile","Total revenue, fourth quartile",Sales of goods and services,"Sales of goods and services, quality indicator","Sales of goods and services, first quartile","Sales of goods and services, second quartile","Sales of goods and services, third quartile","Sales of goods and services, fourth quartile","Sales of goods and services, percent of businesses reporting",All other revenues,"All other revenues,  quality indicator","All other revenues,  first quartile","All other revenues,  second quartile","All other revenues,  third quartile","All other revenues,  fourth quartile","All other revenues,  percent of businesses reporting",Sales of goods and services ( percent of total revenue),"Sales of goods and services ( percent of total revenue), quality indicator","Sales of goods and services ( percent of total revenue), first quartile","Sales of goods and services ( percent of total revenue), second quartile","Sales of goods and services ( percent of total revenue), third quartile","Sales of goods and services ( percent of total revenue), fourth quartile",All other revenues ( percent of total revenue),"All other revenues ( percent of total revenue), quality indicator","All other revenues ( percent of total revenue), first quartile","All other revenues ( percent of total revenue), second quartile","All other revenues ( percent of total revenue), third quartile","All other revenues ( percent of total revenue), fourth quartile"
,,,,,,,,,,,,,,,,,,,,,,,,,,,,,,,,,,,,,,,,,,,,,,,,,,,,
1,0,All industries,0,Canada,1,Rural,2,Incorporated,2017,6901,..,1,..,0.004,0.004,0.035,0.035,0.088,0.088,1,9259.4,A,8972.4,9923.1,9290.6,8851.3,8844.9,A,8577.1,9695.5,9099.9,8007.2,98.3,414.4,B,395.3,227.5,190.7,844.1,70,95.5,A,95.6,97.7,97.9,90.5,4.5,B,4.4,2.3,2.1,9.5
2,0,All industries,0,Canada,2,Urban,2,Incorporated,2017,40390,..,1,..,0.007,0.007,0.041,0.041,0.101,0.101,1,9499.6,A,9516.5,10010,9284.2,9187.7,8751.6,A,8863.4,9652.6,8982.9,7507.4,95,748,B,653.1,357.4,301.3,1680.2,56.5,92.1,A,93.1,96.4,96.8,81.7,7.9,B,6.9,3.6,3.2,18.3
3,11,"Agriculture, forestry, fishing and hunting",0,Canada,1,Rural,2,Incorporated,2017,1108,..,1,..,-0.352,-0.352,-0.022,-0.022,0.101,0.101,1,8615.9,B,8844.9,7753.9,9166.4,8698.2,8009.8,B,8337.8,7366.6,8871.4,7463.4,99.4,606,B,507,387.3,295,1234.8,87.6,93,B,94.3,95,96.8,85.8,7,B,5.7,5,3.2,14.2
4,11,"Agriculture, forestry, fishing and hunting",0,Canada,2,Urban,2,Incorporated,2017,835,..,1,..,-0.236,-0.236,-0.014,-0.014,0.063,0.063,1,8840.2,A,8606,8326.3,9448.7,8979.7,8323.6,A,8303.2,7923.4,9141.3,7926.4,98.6,516.6,B,302.9,402.9,307.4,1053.2,84.1,94.2,A,96.5,95.2,96.7,88.3,5.8,B,3.5,4.8,3.3,11.7
5,111,Crop production,0,Canada,1,Rural,2,Incorporated,2017,428,..,1,..,-0.329,-0.329,-0.084,-0.084,0.091,0.091,1,8132.5,B,7897,7288,8680.6,8664.3,7309.2,B,7447.8,6863.6,8303.2,6622.4,99.1,823.2,B,449.3,424.4,377.4,2041.8,97.4,89.9,B,94.3,94.2,95.7,76.4,10.1,B,5.7,5.8,4.3,23.6
6,111,Crop production,0,Canada,2,Urban,2,Incorporated,2017,377,..,1,..,-0.078,-0.078,-0.056,-0.056,0.04,0.04,1,8660,B,8551.4,8492.7,8663.9,8932.1,8158.7,B,8254.7,8134.3,8287.3,7958.6,99.7,501.3,B,296.7,358.4,376.6,973.5,93.9,94.2,B,96.5,95.8,95.7,89.1,5.8,B,3.5,4.2,4.3,10.9
7,112,Animal production and aquaculture,0,Canada,1,Rural,2,Incorporated,2017,377,..,1,..,-0.152,-0.152,-0.159,-0.159,0.002,0.002,1,8801.3,B,9703.1,8865.7,8046,8590.3,8149,B,9226.6,8252.9,7760.5,7356.1,100,652.3,C,476.6,612.8,285.5,1234.2,94.4,92.6,B,95.1,93.1,96.5,85.6,7.4,C,4.9,6.9,3.5,14.4
8,112,Animal production and aquaculture,0,Canada,2,Urban,2,Incorporated,2017,224,..,1,..,-0.601,-0.601,-0.321,-0.321,-0.016,-0.016,1,8622,A,9162.1,8110.6,7667.8,9547.6,8077.7,A,8864.1,7792.2,7367.3,8287.1,99.1,544.4,B,298,318.4,300.5,1260.5,93.3,93.7,A,96.7,96.1,96.1,86.8,6.3,B,3.3,3.9,3.9,13.2
9,113,Forestry and logging,0,Canada,1,Rural,2,Incorporated,2017,X,X,X,X,X,X,X,X,X,X,X,X,A,X,X,X,X,X,A,X,X,X,X,100,X,A,X,X,X,X,63.3,X,A,X,X,X,X,X,A,X,X,X,X
10,113,Forestry and logging,0,Canada,2,Urban,2,Incorporated,2017,118,..,1,..,0.004,0.004,0.049,0.049,0.108,0.108,1,9326.2,A,9513.9,10133.8,9698.7,7958.3,9155.5,A,9497.5,10121.5,9620.2,7383,99.2,170.6,A,16.4,12.3,78.5,575.3,57.6,98.2,A,99.8,99.9,99.2,92.8,1.8,A,0.2,0.1,0.8,7.2
11,114,"Fishing, hunting and trapping",0,Canada,1,Rural,2,Incorporated,2017,X,X,X,X,X,X,X,X,X,X,X,X,A,X,X,X,X,X,B,X,X,X,X,100,X,A,X,X,X,X,65.4,X,B,X,X,X,X,X,A,X,X,X,X
12,114,"Fishing, hunting and trapping",0,Canada,2,Urban,2,Incorporated,2017,14,..,1,..,-0.004,-0.004,0.061,0.061,0.123,0.123,1,10146.1,A,9928.8,6821,10186.2,13648.3,9872.3,B,9447.3,6697.1,10186.2,13158.5,100,273.8,A,481.5,123.9,0,489.7,50,97.3,B,95.2,98.2,100,96.4,2.7,A,4.8,1.8,0,3.6
13,115,Support activities for agriculture and forestry,0,Canada,1,Rural,2,Incorporated,2017,81,..,1,..,0,0,0.038,0.038,0.143,0.143,1,9290.7,A,9251,10064.2,9765.3,8082.5,8766.9,A,9131,9749,8862.9,7324.6,96.3,523.8,B,120,315.2,902.3,757.9,70.4,94.4,A,98.7,96.9,90.8,90.6,5.6,B,1.3,3.1,9.2,9.4
14,115,Support activities for agriculture and forestry,0,Canada,2,Urban,2,Incorporated,2017,102,..,1,..,0.01,0.01,0.051,0.051,0.098,0.098,1,9243.7,A,9269.8,10086.8,8935.4,8682.9,8297.8,A,7907.5,9472.1,8284.3,7527.1,92.2,946,B,1362.3,614.7,651.1,1155.8,62.7,89.8,A,85.3,93.9,92.7,86.7,10.2,B,14.7,6.1,7.3,13.3
15,21,"Mining, quarrying, and oil and gas extraction",0,Canada,1,Rural,2,Incorporated,2017,131,..,1,..,0.003,0.003,0.065,0.065,0.146,0.146,1,9178.2,A,8485.4,11021.6,8690.4,8515.2,8982.9,A,8385.2,10969.4,8619,7957.9,98.5,195.3,A,100.1,52.2,71.4,557.3,58,97.9,A,98.8,99.5,99.2,93.5,2.1,A,1.2,0.5,0.8,6.5
16,21,"Mining, quarrying, and oil and gas extraction",0,Canada,2,Urban,2,Incorporated,2017,385,..,1,..,-0.018,-0.018,0.055,0.055,0.168,0.168,1,10134.1,A,9505.2,10480,10271.3,10279.9,9069.6,A,8383.9,9883.3,9935,8076.3,93.5,1064.5,A,1121.3,596.8,336.3,2203.5,67.5,89.5,A,88.2,94.3,96.7,78.6,10.5,A,11.8,5.7,3.3,21.4
17,211,Oil and gas extraction,0,Canada,1,Rural,2,Incorporated,2017,X,X,X,X,X,X,X,X,X,X,X,X,A,X,X,X,X,X,A,X,X,X,X,75,X,A,X,X,X,X,100,X,A,X,X,X,X,X,A,X,X,X,X
18,211,Oil and gas extraction,0,Canada,2,Urban,2,Incorporated,2017,86,..,1,..,-0.276,-0.276,-0.156,-0.156,0.096,0.096,1,10536.9,A,10137.2,9912.6,11525.9,10571.9,9150.3,B,8993.5,8667.9,10235.4,8704.3,93,1386.6,A,1143.8,1244.7,1290.4,1867.6,86,86.8,B,88.7,87.4,88.8,82.3,13.2,A,11.3,12.6,11.2,17.7
19,212,Mining and quarrying (except oil and gas),0,Canada,1,Rural,2,Incorporated,2017,X,X,X,X,X,X,X,X,X,X,X,X,A,X,X,X,X,X,A,X,X,X,X,100,X,A,X,X,X,X,67.6,X,A,X,X,X,X,X,A,X,X,X,X
20,212,Mining and quarrying (except oil and gas),0,Canada,2,Urban,2,Incorporated,2017,71,..,1,..,0.029,0.029,0.109,0.109,0.203,0.203,1,10762.5,A,10754,10235.4,11495.2,10565.2,10292.3,A,9793.2,10133.5,11185.9,10056.7,97.2,470.1,B,960.8,101.9,309.4,508.5,69,95.6,A,91.1,99,97.3,95.2,4.4,B,8.9,1,2.7,4.8
21,213,"Support activities for mining, and oil and gas extraction",0,Canada,1,Rural,2,Incorporated,2017,90,..,1,..,0.001,0.001,0.07,0.07,0.149,0.149,1,8878.1,A,8856.4,10635.5,7925.9,8094.7,8723.3,A,8758.8,10574.9,7916.8,7642.6,98.9,154.8,A,97.6,60.6,9,452.1,52.2,98.3,A,98.9,99.4,99.9,94.4,1.7,A,1.1,0.6,0.1,5.6
22,213,"Support activities for mining, and oil and gas extraction",0,Canada,2,Urban,2,Incorporated,2017,228,..,1,..,-0.037,-0.037,0.057,0.057,0.18,0.18,1,9786.5,A,9110.5,10148.6,9922.6,9964.2,8658.4,A,8334.1,9418.7,9430.8,7450.3,92.5,1128.1,A,776.5,729.9,491.9,2514,60.1,88.5,A,91.5,92.8,95,74.8,11.5,A,8.5,7.2,5,25.2
23,22,Utilities,0,Canada,1,Rural,2,Incorporated,2017,34,..,1,..,0.012,0.012,0.047,0.047,0.113,0.113,1,8889.3,A,9213.8,10667.3,9306.8,6369.4,8132,A,7293.8,10332.7,8656.7,6244.8,94.1,757.3,B,1920,334.5,650.1,124.6,79.4,91.5,A,79.2,96.9,93,98,8.5,B,20.8,3.1,7,2
24,22,Utilities,0,Canada,2,Urban,2,Incorporated,2017,70,..,1,..,0,0,0.057,0.057,0.233,0.233,1,9957.1,A,10205.4,11279.7,10277.7,8065.9,9006.6,A,8309.1,10732.9,9768.8,7215.6,95.7,950.5,A,1896.3,546.8,508.9,850.2,71.4,90.5,A,81.4,95.2,95,89.5,9.5,A,18.6,4.8,5,10.5
25,221,Utilities,0,Canada,1,Rural,2,Incorporated,2017,34,..,1,..,0.012,0.012,0.047,0.047,0.113,0.113,1,8889.3,A,9213.8,10667.3,9306.8,6369.4,8132,A,7293.8,10332.7,8656.7,6244.8,94.1,757.3,B,1920,334.5,650.1,124.6,79.4,91.5,A,79.2,96.9,93,98,8.5,B,20.8,3.1,7,2
26,221,Utilities,0,Canada,2,Urban,2,Incorporated,2017,70,..,1,..,0,0,0.057,0.057,0.233,0.233,1,9957.1,A,10205.4,11279.7,10277.7,8065.9,9006.6,A,8309.1,10732.9,9768.8,7215.6,95.7,950.5,A,1896.3,546.8,508.9,850.2,71.4,90.5,A,81.4,95.2,95,89.5,9.5,A,18.6,4.8,5,10.5
27,23,Construction,0,Canada,1,Rural,2,Incorporated,2017,851,..,1,..,0.014,0.014,0.061,0.061,0.131,0.131,1,8883.3,A,9184.1,8989.1,8715.4,8644.6,8756.9,A,8977.6,8969.3,8666.5,8414.5,99.5,126.3,A,206.5,19.8,48.9,230.2,56.8,98.6,A,97.8,99.8,99.4,97.3,1.4,A,2.2,0.2,0.6,2.7
28,23,Construction,0,Canada,2,Urban,2,Incorporated,2017,7000,..,1,..,0.011,0.011,0.048,0.048,0.101,0.101,1,9239.5,A,9267.5,9735.6,8993.1,8962,9001.2,A,9072.2,9669.7,8909,8354.1,98.6,238.3,A,195.3,66,84.1,607.9,51.3,97.4,A,97.9,99.3,99.1,93.2,2.6,A,2.1,0.7,0.9,6.8
29,236,Construction of buildings,0,Canada,1,Rural,2,Incorporated,2017,271,..,1,..,0.016,0.016,0.049,0.049,0.09,0.09,1,8531.1,A,8774.2,8987.2,8147.8,8215.1,8331.3,A,8443.9,8958.9,8132.8,7789.6,99.3,199.8,A,330.3,28.3,15,425.5,55.7,97.7,A,96.2,99.7,99.8,94.8,2.3,A,3.8,0.3,0.2,5.2
30,236,Construction of buildings,0,Canada,2,Urban,2,Incorporated,2017,2640,..,1,..,0.006,0.006,0.039,0.039,0.089,0.089,1,9371,A,9226.6,9955.5,9325.3,8976.6,9121.5,A,9038.6,9906.2,9228.7,8312.5,98.5,249.5,A,188.1,49.4,96.6,664.1,54.5,97.3,A,98,99.5,99,92.6,2.7,A,2,0.5,1,7.4
31,237,Heavy and civil engineering construction,0,Canada,1,Rural,2,Incorporated,2017,221,..,1,..,0,0,0.074,0.074,0.182,0.182,1,9718.3,A,10010.3,9852.6,9499.8,9510.6,9615.9,A,9831.5,9836.5,9451.3,9344.4,100,102.4,A,178.8,16.2,48.5,166.2,57.9,98.9,A,98.2,99.8,99.5,98.3,1.1,A,1.8,0.2,0.5,1.7
32,237,Heavy and civil engineering construction,0,Canada,2,Urban,2,Incorporated,2017,1035,..,1,..,0.007,0.007,0.066,0.066,0.172,0.172,1,9561.2,A,9859.2,10007.1,9045.8,9332.7,8830.7,A,9300.4,9789.7,8712.5,7520.2,95.5,730.5,A,558.8,217.4,333.3,1812.5,59.1,92.4,A,94.3,97.8,96.3,80.6,7.6,A,5.7,2.2,3.7,19.4
33,238,Specialty trade contractors,0,Canada,1,Rural,2,Incorporated,2017,359,..,1,..,0.023,0.023,0.069,0.069,0.143,0.143,1,8635.1,A,8720,8808.1,8609.3,8403.2,8549.5,A,8592.7,8784.9,8587.3,8232.9,99.4,85.6,A,127.3,23.1,22,170.2,56.8,99,A,98.5,99.7,99.7,98,1,A,1.5,0.3,0.3,2
34,238,Specialty trade contractors,0,Canada,2,Urban,2,Incorporated,2017,3325,..,1,..,0.015,0.015,0.05,0.05,0.096,0.096,1,9035,A,9083.1,9403.5,8927.5,8726.1,8958.9,A,9005.6,9345.3,8897.2,8587.4,99.7,76.2,A,77.5,58.2,30.3,138.7,46.3,99.2,A,99.1,99.4,99.7,98.4,0.8,A,0.9,0.6,0.3,1.6
35,31-33,Manufacturing,0,Canada,1,Rural,2,Incorporated,2017,809,..,1,..,0.018,0.018,0.058,0.058,0.11,0.11,1,9757.6,A,9562.1,10179.8,9730.8,9557.7,9587.7,A,9380.6,10124.5,9557.3,9288.4,99.5,169.9,A,181.4,55.3,173.4,269.3,67,98.3,A,98.1,99.5,98.2,97.2,1.7,A,1.9,0.5,1.8,2.8
36,31-33,Manufacturing,0,Canada,2,Urban,2,Incorporated,2017,4683,..,1,..,0.012,0.012,0.052,0.052,0.106,0.106,1,9837.4,A,9571.7,10053.3,9791.2,9933.5,9701.6,A,9457.6,9989,9680.5,9679.1,99.7,135.8,A,114.1,64.3,110.6,254.3,54.4,98.6,A,98.8,99.4,98.9,97.4,1.4,A,1.2,0.6,1.1,2.6
37,311,Food manufacturing,0,Canada,1,Rural,2,Incorporated,2017,140,..,1,..,0.011,0.011,0.045,0.045,0.088,0.088,1,10467.4,A,9406.1,11588.8,10154.6,10719.9,10176.4,A,9044.1,11527.4,10083.7,10050.6,98.6,290.9,B,362,61.4,70.9,669.3,63.6,97.2,A,96.2,99.5,99.3,93.8,2.8,B,3.8,0.5,0.7,6.2
38,311,Food manufacturing,0,Canada,2,Urban,2,Incorporated,2017,401,..,1,..,0.004,0.004,0.03,0.03,0.066,0.066,1,9835.4,A,8840.3,10032.3,10672.2,9796.9,9669.4,A,8798.2,9999.1,10449.2,9431,99.5,166.1,A,42.1,33.2,222.9,366,51.1,98.3,A,99.5,99.7,97.9,96.3,1.7,A,0.5,0.3,2.1,3.7
39,312,Beverage and tobacco product manufacturing,0,Canada,1,Rural,2,Incorporated,2017,10,..,1,..,X,X,0.025,0.025,X,X,1,9476.2,A,X,X,X,X,8955.8,B,X,X,X,X,100,520.4,A,X,X,X,X,70,94.5,B,X,X,X,X,5.5,A,X,X,X,X
40,312,Beverage and tobacco product manufacturing,0,Canada,2,Urban,2,Incorporated,2017,53,..,1,..,0.006,0.006,0.042,0.042,0.089,0.089,1,9451.3,A,8559.7,8906.1,8926.5,11412.8,9077.1,A,8208.6,8442.9,8890,10767,100,374.1,A,351,463.2,36.5,645.7,52.8,96,A,95.9,94.8,99.6,94.3,4,A,4.1,5.2,0.4,5.7
41,313,Textile mills,0,Canada,1,Rural,2,Incorporated,2017,X,X,X,X,X,X,X,X,X,X,X,X,A,X,X,X,X,X,A,X,X,X,X,100,X,A,X,X,X,X,77.8,X,A,X,X,X,X,X,A,X,X,X,X
42,313,Textile mills,0,Canada,2,Urban,2,Incorporated,2017,23,..,1,..,0.021,0.021,0.043,0.043,0.079,0.079,1,9688.5,A,11363.8,10433.7,7395.3,9561.3,9629.6,A,11273.6,10407.4,7297.6,9539.7,100,58.9,A,90.2,26.3,97.7,21.5,60.9,99.4,A,99.2,99.7,98.7,99.8,0.6,A,0.8,0.3,1.3,0.2
43,314,Textile product mills,0,Canada,1,Rural,2,Incorporated,2017,X,X,X,X,X,X,X,X,X,X,X,X,A,X,X,X,X,X,A,X,X,X,X,100,X,A,X,X,X,X,100,X,A,X,X,X,X,X,A,X,X,X,X
44,314,Textile product mills,0,Canada,2,Urban,2,Incorporated,2017,38,..,1,..,0.03,0.03,0.068,0.068,0.121,0.121,1,9646.2,A,9868,10217.1,9483.5,9016.1,9576.1,A,9827.5,10175,9351.5,8950.5,100,70,A,40.4,42,132,65.6,42.1,99.3,A,99.6,99.6,98.6,99.3,0.7,A,0.4,0.4,1.4,0.7
45,315,Clothing manufacturing,0,Canada,1,Rural,2,Incorporated,2017,8,..,1,..,X,X,0.093,0.093,X,X,1,8275.4,A,X,X,X,X,8158.6,A,X,X,X,X,100,116.8,A,X,X,X,X,100,98.6,A,X,X,X,X,1.4,A,X,X,X,X
46,315,Clothing manufacturing,0,Canada,2,Urban,2,Incorporated,2017,59,..,1,..,0.01,0.01,0.051,0.051,0.096,0.096,1,9314.7,A,8975.3,10819.8,8771,8692.5,9270.8,A,8937.6,10744.7,8741.6,8659.3,100,43.9,A,37.7,75.1,29.4,33.2,40.7,99.5,A,99.6,99.3,99.7,99.6,0.5,A,0.4,0.7,0.3,0.4
47,316,Leather and allied product manufacturing,0,Canada,1,Rural,2,Incorporated,2017,X,X,X,X,X,X,X,X,X,X,X,X,A,X,X,X,X,X,A,X,X,X,X,100,X,A,X,X,X,X,75,X,A,X,X,X,X,X,A,X,X,X,X
48,316,Leather and allied product manufacturing,0,Canada,2,Urban,2,Incorporated,2017,11,..,1,..,X,X,0.033,0.033,X,X,1,10647.8,A,X,X,X,X,10640.4,A,X,X,X,X,100,7.4,A,X,X,X,X,45.5,99.9,A,X,X,X,X,0.1,A,X,X,X,X
49,321,Wood product manufacturing,0,Canada,1,Rural,2,Incorporated,2017,139,..,1,..,0.022,0.022,0.045,0.045,0.081,0.081,1,10025,A,9615.1,9672.4,9982.7,10829.7,9882.7,A,9370.9,9656.9,9929.5,10573.5,99.3,142.3,A,244.2,15.6,53.3,256.2,66.2,98.6,A,97.5,99.8,99.5,97.6,1.4,A,2.5,0.2,0.5,2.4
50,321,Wood product manufacturing,0,Canada,2,Urban,2,Incorporated,2017,265,..,1,..,0.012,0.012,0.039,0.039,0.086,0.086,1,9675.6,A,8982.2,10398.8,9564.7,9756.6,9607.4,A,8842,10374.5,9526.2,9686.7,100,68.2,A,140.1,24.2,38.5,69.8,55.5,99.3,A,98.4,99.8,99.6,99.3,0.7,A,1.6,0.2,0.4,0.7
51,322,Paper manufacturing,0,Canada,1,Rural,2,Incorporated,2017,8,..,1,..,X,X,0.082,0.082,X,X,1,12117.9,A,X,X,X,X,12112.2,A,X,X,X,X,100,5.7,A,X,X,X,X,25,100,A,X,X,X,X,0,A,X,X,X,X
52,322,Paper manufacturing,0,Canada,2,Urban,2,Incorporated,2017,70,..,1,..,0.018,0.018,0.046,0.046,0.081,0.081,1,10340.9,A,9869.3,9952,11164.6,10377.6,10300.8,A,9854.5,9945.9,11132.1,10270.6,100,40.1,A,14.8,6,32.5,107,48.6,99.6,A,99.9,99.9,99.7,99,0.4,A,0.1,0.1,0.3,1
53,323,Printing and related support activities,0,Canada,1,Rural,2,Incorporated,2017,6,..,1,..,X,X,X,X,X,X,1,9220,A,X,X,X,X,9105.9,A,X,X,X,X,100,114.1,A,X,X,X,X,83.3,98.8,A,X,X,X,X,1.2,A,X,X,X,X
54,323,Printing and related support activities,0,Canada,2,Urban,2,Incorporated,2017,179,..,1,..,0.013,0.013,0.039,0.039,0.078,0.078,1,9443,A,9558.2,9610,9067.1,9536.9,9361.4,A,9514.8,9523.9,9000.5,9406.3,100,81.7,B,43.4,86.1,66.6,130.6,54.7,99.1,A,99.5,99.1,99.3,98.6,0.9,B,0.5,0.9,0.7,1.4
55,324,Petroleum and coal product manufacturing,0,Canada,1,Rural,2,Incorporated,2017,X,X,X,X,X,X,X,X,X,X,X,X,A,X,X,X,X,X,A,X,X,X,X,100,X,A,X,X,X,X,50,X,A,X,X,X,X,X,A,X,X,X,X
56,324,Petroleum and coal product manufacturing,0,Canada,2,Urban,2,Incorporated,2017,34,..,1,..,0.01,0.01,0.063,0.063,0.11,0.11,1,9767,A,9190.9,10736.5,9714,9426.6,9737.6,A,9153.8,10690.2,9700.9,9405.6,100,29.4,A,37.1,46.3,13.1,21,64.7,99.7,A,99.6,99.6,99.9,99.8,0.3,A,0.4,0.4,0.1,0.2
57,325,Chemical manufacturing,0,Canada,1,Rural,2,Incorporated,2017,24,..,1,..,-0.012,-0.012,0.038,0.038,0.116,0.116,1,9650.5,A,11957.9,8451.8,7785.7,10406.7,9064.5,A,11834,8445,7749.4,8229.5,100,586.1,A,123.9,6.9,36.3,2177.2,58.3,93.9,A,99,99.9,99.5,79.1,6.1,A,1,0.1,0.5,20.9
58,325,Chemical manufacturing,0,Canada,2,Urban,2,Incorporated,2017,238,..,1,..,0.009,0.009,0.059,0.059,0.131,0.131,1,10709.1,A,10356.2,11341.5,10496.9,10641.9,10496,A,10119.7,11242.4,10302.4,10319.6,100,213.1,A,236.5,99,194.5,322.3,55.9,98,A,97.7,99.1,98.1,97,2,A,2.3,0.9,1.9,3
59,326,Plastics and rubber products manufacturing,0,Canada,1,Rural,2,Incorporated,2017,44,..,1,..,0.032,0.032,0.071,0.071,0.129,0.129,1,9704.2,A,10732.8,8501.3,10823.2,8759.6,9590.3,A,10620.7,8481.9,10586.5,8672,100,113.9,A,112.1,19.3,236.6,87.6,68.2,98.8,A,99,99.8,97.8,99,1.2,A,1,0.2,2.2,1
60,326,Plastics and rubber products manufacturing,0,Canada,2,Urban,2,Incorporated,2017,385,..,1,..,0.017,0.017,0.054,0.054,0.106,0.106,1,10315.7,A,9809.6,9995.5,10720,10737.7,10163.3,A,9671.7,9918.1,10610.6,10452.8,99.5,152.4,A,137.9,77.4,109.4,284.9,54.5,98.5,A,98.6,99.2,99,97.3,1.5,A,1.4,0.8,1,2.7
61,327,Non-metallic mineral product manufacturing,0,Canada,1,Rural,2,Incorporated,2017,47,..,1,..,0.002,0.002,0.054,0.054,0.112,0.112,1,9514.3,A,8684,10701.8,9417.5,9253.8,9395.7,A,8612.3,10674.6,9355.3,8940.8,100,118.6,A,71.7,27.2,62.3,313.1,80.9,98.8,A,99.2,99.7,99.3,96.6,1.2,A,0.8,0.3,0.7,3.4
62,327,Non-metallic mineral product manufacturing,0,Canada,2,Urban,2,Incorporated,2017,214,..,1,..,0.01,0.01,0.053,0.053,0.109,0.109,1,9383.9,A,9316,9081.4,9950,9188,9207.3,A,9221.3,9013.3,9865.7,8729,99.5,176.5,A,94.7,68.1,84.3,459,56.5,98.1,A,99,99.2,99.2,95,1.9,A,1,0.8,0.8,5
63,331,Primary metal manufacturing,0,Canada,1,Rural,2,Incorporated,2017,12,..,1,..,X,X,0.037,0.037,X,X,1,10764.1,A,X,X,X,X,9942.2,A,X,X,X,X,100,821.9,A,X,X,X,X,41.7,92.4,A,X,X,X,X,7.6,A,X,X,X,X
64,331,Primary metal manufacturing,0,Canada,2,Urban,2,Incorporated,2017,66,..,1,..,0.007,0.007,0.058,0.058,0.113,0.113,1,9988.1,A,9581.1,11595.5,9717.5,9058.4,9924.4,A,9556.6,11521.9,9681,8938.1,100,63.7,A,24.4,73.6,36.5,120.3,51.5,99.4,A,99.7,99.4,99.6,98.7,0.6,A,0.3,0.6,0.4,1.3
65,332,Fabricated metal product manufacturing,0,Canada,1,Rural,2,Incorporated,2017,103,..,1,..,0.025,0.025,0.062,0.062,0.12,0.12,1,9761.6,A,9791.4,8975.9,10325.3,9953.6,9648.4,A,9664.1,8947.1,10195.3,9787.2,100,113.2,A,127.3,28.8,130,166.5,71.8,98.8,A,98.7,99.7,98.7,98.3,1.2,A,1.3,0.3,1.3,1.7
66,332,Fabricated metal product manufacturing,0,Canada,2,Urban,2,Incorporated,2017,863,..,1,..,0.01,0.01,0.054,0.054,0.111,0.111,1,9493,A,9301.3,9824,9456.5,9390.1,9415.8,A,9253.1,9787.1,9382.8,9240,100,77.2,A,48.2,36.8,73.8,150.1,52.1,99.2,A,99.5,99.6,99.2,98.4,0.8,A,0.5,0.4,0.8,1.6
67,333,Machinery manufacturing,0,Canada,1,Rural,2,Incorporated,2017,119,..,1,..,0.038,0.038,0.072,0.072,0.145,0.145,1,9406.7,A,8954.9,10050.7,9220.1,9401.2,9289.1,A,8870.6,9914.3,9193,9178.3,99.2,117.7,A,84.3,136.4,27.1,222.9,69.7,98.7,A,99.1,98.6,99.7,97.6,1.3,A,0.9,1.4,0.3,2.4
68,333,Machinery manufacturing,0,Canada,2,Urban,2,Incorporated,2017,639,..,1,..,0.011,0.011,0.059,0.059,0.107,0.107,1,9934.9,A,9834.1,10038.8,10257,9609.8,9776.9,A,9738,9928.1,10122.7,9318.9,99.5,158,A,96.1,110.7,134.3,290.9,61.5,98.4,A,99,98.9,98.7,97,1.6,A,1,1.1,1.3,3
69,334,Computer and electronic product manufacturing,0,Canada,1,Rural,2,Incorporated,2017,X,X,X,X,X,X,X,X,X,X,X,X,A,X,X,X,X,X,A,X,X,X,X,100,X,A,X,X,X,X,100,X,A,X,X,X,X,X,A,X,X,X,X
70,334,Computer and electronic product manufacturing,0,Canada,2,Urban,2,Incorporated,2017,258,..,1,..,0.009,0.009,0.067,0.067,0.146,0.146,1,10153.1,A,9890.3,10090.5,10137.3,10494.1,9827.3,A,9552.8,9945.9,9897.9,9912.6,98.8,325.8,B,337.5,144.7,239.4,581.5,57.4,96.8,A,96.6,98.6,97.6,94.5,3.2,B,3.4,1.4,2.4,5.5
71,335,"Electrical equipment, appliance and component manufacturing",0,Canada,1,Rural,2,Incorporated,2017,11,..,1,..,X,X,0.041,0.041,X,X,1,9484.7,A,X,X,X,X,9376,A,X,X,X,X,100,108.7,C,X,X,X,X,63.6,98.9,A,X,X,X,X,1.1,C,X,X,X,X
72,335,"Electrical equipment, appliance and component manufacturing",0,Canada,2,Urban,2,Incorporated,2017,155,..,1,..,0.01,0.01,0.051,0.051,0.113,0.113,1,10129.5,A,10461.7,10260.5,8935.2,10860.6,10005.5,A,10312.5,10237.7,8844,10627.5,99.4,124.1,A,149.2,22.7,91.2,233.1,58.1,98.8,A,98.6,99.8,99,97.9,1.2,A,1.4,0.2,1,2.1
73,336,Transportation equipment manufacturing,0,Canada,1,Rural,2,Incorporated,2017,46,..,1,..,0,0,0.067,0.067,0.104,0.104,1,9709.9,A,8435.8,11673.4,9116.9,9613.4,9616.8,A,8413.7,11604.4,8959.6,9489.7,100,93,A,22,69,157.3,123.7,56.5,99,A,99.7,99.4,98.3,98.7,1,A,0.3,0.6,1.7,1.3
74,336,Transportation equipment manufacturing,0,Canada,2,Urban,2,Incorporated,2017,207,..,1,..,0.005,0.005,0.056,0.056,0.115,0.115,1,10212.5,A,10816.7,9836,10304.7,9892.5,10034.8,A,10524.4,9720.3,10233.2,9661.4,100,177.6,A,292.3,115.7,71.6,231.1,58,98.3,A,97.3,98.8,99.3,97.7,1.7,A,2.7,1.2,0.7,2.3
75,337,Furniture and related product manufacturing,0,Canada,1,Rural,2,Incorporated,2017,40,..,1,..,0.002,0.002,0.043,0.043,0.087,0.087,1,9317.8,A,11822.9,8718,8346.5,8383.8,9276.8,A,11742.6,8671.9,8340.8,8352,100,41,A,80.3,46.1,5.8,31.9,70,99.6,A,99.3,99.5,99.9,99.6,0.4,A,0.7,0.5,0.1,0.4
76,337,Furniture and related product manufacturing,0,Canada,2,Urban,2,Incorporated,2017,256,..,1,..,0.016,0.016,0.05,0.05,0.099,0.099,1,9402.7,A,8831.9,9821.9,10098.1,8858.7,9371.2,A,8799.8,9794.1,10084.7,8806,100,31.5,A,32.1,27.9,13.4,52.6,47.7,99.7,A,99.6,99.7,99.9,99.4,0.3,A,0.4,0.3,0.1,0.6
77,339,Miscellaneous manufacturing,0,Canada,1,Rural,2,Incorporated,2017,32,..,1,..,0.038,0.038,0.053,0.053,0.104,0.104,1,8051.4,A,8237.9,9256.9,7066.7,7644.2,8016.7,A,8218.5,9210.5,7053.9,7584,100,34.7,A,19.4,46.4,12.8,60.2,59.4,99.6,A,99.8,99.5,99.8,99.2,0.4,A,0.2,0.5,0.2,0.8
78,339,Miscellaneous manufacturing,0,Canada,2,Urban,2,Incorporated,2017,269,..,1,..,0.018,0.018,0.065,0.065,0.125,0.125,1,9733,A,9437,10074.2,8790.1,10630.7,9586.3,A,9325.9,10043,8747.2,10229.3,99.6,146.7,C,111.2,31.2,42.9,401.5,49.4,98.5,A,98.8,99.7,99.5,96.2,1.5,C,1.2,0.3,0.5,3.8
79,41,Wholesale trade,0,Canada,1,Rural,2,Incorporated,2017,795,..,1,..,0.008,0.008,0.033,0.033,0.067,0.067,1,9801.3,A,9864.9,10354.9,9728,9257.5,9670.9,A,9777.4,10307.3,9668,8931,99.6,130.4,A,87.5,47.6,60,326.5,62,98.7,A,99.1,99.5,99.4,96.5,1.3,A,0.9,0.5,0.6,3.5
80,41,Wholesale trade,0,Canada,2,Urban,2,Incorporated,2017,6435,..,1,..,0.011,0.011,0.037,0.037,0.078,0.078,1,9824.7,A,9953.3,10150.9,9688.8,9505.9,9698.1,A,9837,10078,9581.1,9296.4,99.8,126.6,A,116.3,72.9,107.8,209.5,47.1,98.7,A,98.8,99.3,98.9,97.8,1.3,A,1.2,0.7,1.1,2.2
81,411,Farm product merchant wholesalers,0,Canada,1,Rural,2,Incorporated,2017,61,..,1,..,-0.001,-0.001,0.007,0.007,0.025,0.025,1,9975.8,A,10139.7,9145.2,10022.6,10595.6,9877.1,A,10043,9121.3,9934.4,10409.6,100,98.7,A,96.8,24,88.2,186,63.9,99,A,99,99.7,99.1,98.2,1,A,1,0.3,0.9,1.8
82,411,Farm product merchant wholesalers,0,Canada,2,Urban,2,Incorporated,2017,95,..,1,..,-0.004,-0.004,0.015,0.015,0.037,0.037,1,9897.1,A,9265.3,10139.1,11018.8,9165.4,9836.2,A,9205.6,10099.1,10949.8,9090.1,100,61,A,59.6,40,69,75.2,63.2,99.4,A,99.4,99.6,99.4,99.2,0.6,A,0.6,0.4,0.6,0.8
83,412,Petroleum and petroleum products merchant wholesalers,0,Canada,1,Rural,2,Incorporated,2017,38,..,1,..,0.003,0.003,0.013,0.013,0.03,0.03,1,10596.8,A,10472.6,12260.8,10388.8,9265,10521.5,A,10417.6,12070.1,10348.5,9249.8,100,75.3,A,55,190.6,40.3,15.2,68.4,99.3,A,99.5,98.4,99.6,99.8,0.7,A,0.5,1.6,0.4,0.2
84,412,Petroleum and petroleum products merchant wholesalers,0,Canada,2,Urban,2,Incorporated,2017,59,..,1,..,0.009,0.009,0.027,0.027,0.059,0.059,1,10154.4,A,11012.8,10424,9027.9,10153.1,9953.4,A,11003.6,10415.6,8919.9,9474.5,100,201,A,9.2,8.4,107.9,678.5,45.8,98,A,99.9,99.9,98.8,93.3,2,A,0.1,0.1,1.2,6.7
85,413,"Food, beverage and tobacco merchant wholesalers",0,Canada,1,Rural,2,Incorporated,2017,161,..,1,..,0.002,0.002,0.017,0.017,0.038,0.038,1,9931.1,A,9818.9,11027.4,9636.2,9242,9757.6,A,9742.1,10997.8,9600.6,8689.8,100,173.5,A,76.8,29.6,35.6,552.1,57.1,98.3,A,99.2,99.7,99.6,94,1.7,A,0.8,0.3,0.4,6
86,413,"Food, beverage and tobacco merchant wholesalers",0,Canada,2,Urban,2,Incorporated,2017,913,..,1,..,0.005,0.005,0.022,0.022,0.049,0.049,1,10273.1,A,9811.3,10701.4,10667.8,9911.7,10201.6,A,9749.4,10680.6,10609,9767.5,99.9,71.5,A,62,20.9,58.8,144.1,38.1,99.3,A,99.4,99.8,99.4,98.5,0.7,A,0.6,0.2,0.6,1.5
87,414,Personal and household goods merchant wholesalers,0,Canada,1,Rural,2,Incorporated,2017,13,..,1,..,0.013,0.013,0.041,0.041,0.099,0.099,1,9218.4,A,9330.5,8157.4,9902.3,9483.2,9215.6,A,9328.7,8157.4,9900.3,9476.2,100,2.7,A,1.8,0,2,7.1,23.1,100,A,100,100,100,99.9,0,A,0,0,0,0.1
88,414,Personal and household goods merchant wholesalers,0,Canada,2,Urban,2,Incorporated,2017,862,..,1,..,0.011,0.011,0.04,0.04,0.084,0.084,1,9942.9,A,9673.1,10148.1,10139.4,9810.9,9811.3,A,9545.2,10095.2,9966.3,9638.6,100,131.5,A,127.9,52.9,173.1,172.2,44.7,98.7,A,98.7,99.5,98.3,98.2,1.3,A,1.3,0.5,1.7,1.8
89,415,Motor vehicle and motor vehicle parts and accessories merchant wholesalers,0,Canada,1,Rural,2,Incorporated,2017,51,..,1,..,0.02,0.02,0.036,0.036,0.06,0.06,1,10278.1,A,9338.3,11381.2,9511.9,10881.1,10177.6,A,9288.5,11321.8,9436.8,10663.3,100,100.5,A,49.8,59.4,75.1,217.7,64.7,99,A,99.5,99.5,99.2,98,1,A,0.5,0.5,0.8,2
90,415,Motor vehicle and motor vehicle parts and accessories merchant wholesalers,0,Canada,2,Urban,2,Incorporated,2017,447,..,1,..,0.006,0.006,0.024,0.024,0.06,0.06,1,9952.2,A,10201.7,10309.6,9667,9630.7,9902.5,A,10176.2,10272.1,9636.1,9525.8,100,49.7,B,25.5,37.5,30.9,104.8,49.2,99.5,A,99.8,99.6,99.7,98.9,0.5,B,0.2,0.4,0.3,1.1
91,416,Building material and supplies merchant wholesalers,0,Canada,1,Rural,2,Incorporated,2017,67,..,1,..,0.027,0.027,0.063,0.063,0.082,0.082,1,9712,A,9540.5,8762.1,9765.7,10779.7,9467.9,A,9526.3,8706.8,9245.2,10393.2,97,244.1,A,14.2,55.3,520.5,386.5,56.7,97.5,A,99.9,99.4,94.7,96.4,2.5,A,0.1,0.6,5.3,3.6
92,416,Building material and supplies merchant wholesalers,0,Canada,2,Urban,2,Incorporated,2017,1031,..,1,..,0.017,0.017,0.046,0.046,0.088,0.088,1,9784.1,A,9933,9869.8,9973.7,9360.1,9685,A,9888.3,9781.1,9907.7,9163.1,99.8,99.1,B,44.7,88.7,66,197.1,46.8,99,A,99.5,99.1,99.3,97.9,1,B,0.5,0.9,0.7,2.1
93,417,"Machinery, equipment and supplies merchant wholesalers",0,Canada,1,Rural,2,Incorporated,2017,235,..,1,..,0.021,0.021,0.048,0.048,0.085,0.085,1,9538.3,A,10037.1,10200.2,9071.5,8844.2,9427.9,A,9970.5,10146.8,8990,8604.1,100,110.4,A,66.6,53.5,81.5,240.1,68.9,98.8,A,99.3,99.5,99.1,97.3,1.2,A,0.7,0.5,0.9,2.7
94,417,"Machinery, equipment and supplies merchant wholesalers",0,Canada,2,Urban,2,Incorporated,2017,1796,..,1,..,0.015,0.015,0.046,0.046,0.087,0.087,1,9616,A,9900,9722.5,9505.1,9336.4,9481.1,A,9698.6,9653.3,9451.1,9121.5,99.8,134.9,A,201.4,69.3,54,214.9,51.1,98.6,A,98,99.3,99.4,97.7,1.4,A,2,0.7,0.6,2.3
95,418,Miscellaneous merchant wholesalers,0,Canada,1,Rural,2,Incorporated,2017,140,..,1,..,0.009,0.009,0.04,0.04,0.065,0.065,1,9960.8,A,8930.3,11841.1,9859.1,9212.9,9843.1,A,8793.4,11788.9,9764.6,9025.7,99.3,117.7,A,136.9,52.1,94.5,187.2,61.4,98.8,A,98.5,99.6,99,98,1.2,A,1.5,0.4,1,2
96,418,Miscellaneous merchant wholesalers,0,Canada,2,Urban,2,Incorporated,2017,888,..,1,..,0.011,0.011,0.04,0.04,0.085,0.085,1,9885.7,A,10431.5,10385.3,9119.5,9606.6,9743.3,A,10302.4,10258,9043.1,9369.8,99.8,142.4,A,129.2,127.4,76.4,236.9,47.1,98.6,A,98.8,98.8,99.2,97.5,1.4,A,1.2,1.2,0.8,2.5
97,419,"Business-to-business electronic markets, and agents and brokers",0,Canada,1,Rural,2,Incorporated,2017,29,..,1,..,0.008,0.008,0.03,0.03,0.051,0.051,1,8661.4,A,9266.9,8675.9,8809.3,7893.5,8562,A,8980.4,8670.4,8809.3,7787.9,100,99.4,A,286.5,5.6,0,105.6,48.3,98.9,A,96.9,99.9,100,98.7,1.1,A,3.1,0.1,0,1.3
98,419,"Business-to-business electronic markets, and agents and brokers",0,Canada,2,Urban,2,Incorporated,2017,344,..,1,..,0.009,0.009,0.035,0.035,0.087,0.087,1,9150.2,A,8956.7,9805.9,9429.9,8408.3,8785.9,A,8640.4,9442.7,9129.9,7930.7,98.5,364.3,A,316.3,363.2,299.9,477.6,50,96,A,96.5,96.3,96.8,94.3,4,A,3.5,3.7,3.2,5.7
99,44-45,Retail trade,0,Canada,1,Rural,2,Incorporated,2017,1961,..,1,..,0.006,0.006,0.021,0.021,0.045,0.045,1,9671.1,A,9673.8,10094.9,10016.3,8899.3,9505.4,A,9503.9,9914.3,9894,8709.2,99.9,165.7,A,169.9,180.6,122.3,190.1,75.4,98.3,A,98.2,98.2,98.8,97.9,1.7,A,1.8,1.8,1.2,2.1
100,44-45,Retail trade,0,Canada,2,Urban,2,Incorporated,2017,6638,..,1,..,0.004,0.004,0.018,0.018,0.046,0.046,1,10018.5,A,10090.2,10710.4,10287.4,8986.1,9841.8,A,9917,10488.5,10185.9,8775.8,99.8,176.7,A,173.2,221.9,101.5,210.3,61.9,98.2,A,98.3,97.9,99,97.7,1.8,A,1.7,2.1,1,2.3
101,441,Motor vehicle and parts dealers,0,Canada,1,Rural,2,Incorporated,2017,507,..,1,..,0.008,0.008,0.021,0.021,0.038,0.038,1,11189.2,A,10915.7,11986.3,11941.3,9913.5,11007.8,A,10708.3,11731.9,11809.1,9782,99.8,181.4,A,207.4,254.4,132.2,131.4,74,98.4,A,98.1,97.9,98.9,98.7,1.6,A,1.9,2.1,1.1,1.3
102,441,Motor vehicle and parts dealers,0,Canada,2,Urban,2,Incorporated,2017,1533,..,1,..,0.003,0.003,0.02,0.02,0.039,0.039,1,10868.8,A,10819.5,11419.8,11084.6,10151.2,10695.9,A,10653.5,11313.7,10936.1,9880.3,99.6,172.9,A,166,106.2,148.5,270.9,57.7,98.4,A,98.5,99.1,98.7,97.3,1.6,A,1.5,0.9,1.3,2.7
103,442,Furniture and home furnishings stores,0,Canada,1,Rural,2,Incorporated,2017,X,X,X,X,X,X,X,X,X,X,X,X,A,X,X,X,X,X,A,X,X,X,X,100,X,B,X,X,X,X,64.7,X,A,X,X,X,X,X,B,X,X,X,X
104,442,Furniture and home furnishings stores,0,Canada,2,Urban,2,Incorporated,2017,308,..,1,..,0.014,0.014,0.041,0.041,0.072,0.072,1,8712.5,A,8203.8,9494.2,8524.7,8627.5,8625.7,A,8163.6,9458.6,8492.3,8388.4,99.7,86.8,A,40.2,35.6,32.4,239.1,53.6,99,A,99.5,99.6,99.6,97.2,1,A,0.5,0.4,0.4,2.8
105,443,Electronics and appliance stores,0,Canada,1,Rural,2,Incorporated,2017,7,..,1,..,X,X,0.039,0.039,X,X,1,6618.5,A,X,X,X,X,6586,A,X,X,X,X,100,32.6,B,X,X,X,X,71.4,99.5,A,X,X,X,X,0.5,B,X,X,X,X
106,443,Electronics and appliance stores,0,Canada,2,Urban,2,Incorporated,2017,147,..,1,..,0.007,0.007,0.028,0.028,0.057,0.057,1,8642.3,A,8839.5,9435.7,9110.7,7183.3,8451.3,A,8795.2,9366,8865.6,6778.2,100,191,A,44.3,69.7,245.1,405,50.3,97.8,A,99.5,99.3,97.3,94.4,2.2,A,0.5,0.7,2.7,5.6
107,444,Building material and garden equipment and supplies dealers,0,Canada,1,Rural,2,Incorporated,2017,263,..,1,..,0.02,0.02,0.041,0.041,0.07,0.07,1,9101.3,A,9075.8,9819.9,8408.8,9100.6,8936.9,A,8976.8,9726.6,8284.4,8759.9,100,164.3,A,98.9,93.3,124.4,340.8,86.3,98.2,A,98.9,99,98.5,96.3,1.8,A,1.1,1,1.5,3.7
108,444,Building material and garden equipment and supplies dealers,0,Canada,2,Urban,2,Incorporated,2017,512,..,1,..,0.014,0.014,0.039,0.039,0.07,0.07,1,9228.8,A,9346.6,9575.1,9028,8965.3,9147.9,A,9285.6,9529.8,8953.4,8822.9,100,80.8,A,61,45.4,74.6,142.4,62.1,99.1,A,99.3,99.5,99.2,98.4,0.9,A,0.7,0.5,0.8,1.6
109,445,Food and beverage stores,0,Canada,1,Rural,2,Incorporated,2017,474,..,1,..,0,0,0.01,0.01,0.025,0.025,1,10177.4,A,10301.1,11121.5,10205.5,9081.6,9978.2,A,10087.5,10880.1,10011.5,8933.7,100,199.2,A,213.6,241.4,194,148,73.6,98,A,97.9,97.8,98.1,98.4,2,A,2.1,2.2,1.9,1.6
110,445,Food and beverage stores,0,Canada,2,Urban,2,Incorporated,2017,1092,..,1,..,0,0,0.009,0.009,0.03,0.03,1,11115.7,A,11406.6,12593.7,11175.7,9287.1,10877.8,A,11127.2,12191.1,11032.9,9160.2,99.8,237.9,A,279.4,402.6,142.8,126.9,60,97.9,A,97.6,96.8,98.7,98.6,2.1,A,2.4,3.2,1.3,1.4
111,446,Health and personal care stores,0,Canada,1,Rural,2,Incorporated,2017,176,..,1,..,0.008,0.008,0.03,0.03,0.09,0.09,1,8041.9,A,8965.5,8576.6,7386.8,7238.5,7844.5,A,8702.4,8399.5,7221.9,7054,100,197.4,A,263.1,177.1,164.9,184.5,73.9,97.5,A,97.1,97.9,97.8,97.5,2.5,A,2.9,2.1,2.2,2.5
112,446,Health and personal care stores,0,Canada,2,Urban,2,Incorporated,2017,1219,..,1,..,0.005,0.005,0.01,0.01,0.033,0.033,1,10145.6,A,10179,11513.2,10575.8,8314.5,9886.6,A,9924.6,11200.2,10252.4,8169,100,259.1,A,254.3,313,323.4,145.6,76.4,97.4,A,97.5,97.3,96.9,98.2,2.6,A,2.5,2.7,3.1,1.8
113,447,Gasoline stations,0,Canada,1,Rural,2,Incorporated,2017,262,..,1,..,0.002,0.002,0.015,0.015,0.029,0.029,1,7539,A,7901.2,7296.7,7506,7451.9,7442.4,A,7845.9,7216.1,7424.2,7283.5,100,96.6,A,55.4,80.7,81.8,168.4,63.7,98.7,A,99.3,98.9,98.9,97.7,1.3,A,0.7,1.1,1.1,2.3
114,447,Gasoline stations,0,Canada,2,Urban,2,Incorporated,2017,663,..,1,..,0.002,0.002,0.01,0.01,0.023,0.023,1,8130.2,A,8211.5,8045.1,8162.1,8102,8002,A,8112.6,7901.2,8049.3,7944.9,99.8,128.1,A,98.9,143.9,112.7,157.1,54.6,98.4,A,98.8,98.2,98.6,98.1,1.6,A,1.2,1.8,1.4,1.9
115,448,Clothing and clothing accessories stores,0,Canada,1,Rural,2,Incorporated,2017,X,X,X,X,X,X,X,X,X,X,X,X,A,X,X,X,X,X,A,X,X,X,X,100,X,A,X,X,X,X,77.8,X,A,X,X,X,X,X,A,X,X,X,X
116,448,Clothing and clothing accessories stores,0,Canada,2,Urban,2,Incorporated,2017,248,..,1,..,0.006,0.006,0.044,0.044,0.082,0.082,1,9108.3,A,8820.1,9548.3,8142.5,9922.3,9055.8,A,8799,9501.3,8126.3,9796.7,100,52.5,A,21.1,47.1,16.2,125.5,43.1,99.4,A,99.8,99.5,99.8,98.7,0.6,A,0.2,0.5,0.2,1.3
117,451,"Sporting goods, hobby, book and music stores",0,Canada,1,Rural,2,Incorporated,2017,6,..,1,..,X,X,X,X,X,X,1,9174.8,A,X,X,X,X,9122.6,A,X,X,X,X,100,52.2,A,X,X,X,X,66.7,99.4,A,X,X,X,X,0.6,A,X,X,X,X
118,451,"Sporting goods, hobby, book and music stores",0,Canada,2,Urban,2,Incorporated,2017,X,X,X,X,X,X,X,X,X,X,X,X,A,X,X,X,X,X,A,X,X,X,X,100,X,A,X,X,X,X,51.3,X,A,X,X,X,X,X,A,X,X,X,X
119,452,General merchandise stores,0,Canada,1,Rural,2,Incorporated,2017,185,..,1,..,0.012,0.012,0.035,0.035,0.051,0.051,1,10040.9,A,8123.3,10862.9,10897.8,10279.5,9896.5,A,8035.4,10763.1,10797.4,9989.9,100,144.4,A,87.9,99.8,100.4,289.6,94.1,98.6,A,98.9,99.1,99.1,97.2,1.4,A,1.1,0.9,0.9,2.8
120,452,General merchandise stores,0,Canada,2,Urban,2,Incorporated,2017,X,X,X,X,X,X,X,X,X,X,X,X,A,X,X,X,X,X,A,X,X,X,X,100,X,A,X,X,X,X,89.7,X,A,X,X,X,X,X,A,X,X,X,X
121,453,Miscellaneous store retailers,0,Canada,1,Rural,2,Incorporated,2017,24,..,1,..,0.008,0.008,0.038,0.038,0.082,0.082,1,9265.3,A,10154.9,9719.8,7967.8,9218.9,9186.7,A,10083.8,9647,7895.1,9120.8,100,78.6,A,71.1,72.7,72.7,98.1,66.7,99.2,A,99.3,99.3,99.1,98.9,0.8,A,0.7,0.7,0.9,1.1
122,453,Miscellaneous store retailers,0,Canada,2,Urban,2,Incorporated,2017,220,..,1,..,0.012,0.012,0.049,0.049,0.101,0.101,1,8313.3,A,8231,8648.4,8408.5,7965.4,8073.4,A,7942.8,8594.7,8346,7410,99.5,239.9,B,288.3,53.7,62.5,555.3,56.4,97.1,A,96.5,99.4,99.3,93,2.9,B,3.5,0.6,0.7,7
123,454,Non-store retailers,0,Canada,1,Rural,2,Incorporated,2017,31,..,1,..,0.009,0.009,0.023,0.023,0.046,0.046,1,9269.6,A,12047.1,8810.9,9033.5,7186.7,9173.8,A,11991.9,8753.5,8819.7,7130.3,100,95.7,A,55.3,57.5,213.8,56.4,45.2,99,A,99.5,99.3,97.6,99.2,1,A,0.5,0.7,2.4,0.8
124,454,Non-store retailers,0,Canada,2,Urban,2,Incorporated,2017,188,..,1,..,0.006,0.006,0.032,0.032,0.076,0.076,1,9611.3,A,9929.3,10572.3,8679.6,9263.9,9328.6,A,9843.2,10533.6,8448.8,8488.7,98.9,282.7,A,86.1,38.7,230.9,775.2,48.4,97.1,A,99.1,99.6,97.3,91.6,2.9,A,0.9,0.4,2.7,8.4
125,48-49,Transportation and warehousing,0,Canada,1,Rural,2,Incorporated,2017,436,..,1,..,0.016,0.016,0.059,0.059,0.177,0.177,1,9105.5,A,9384.6,9671.9,8520.2,8845.2,8864.9,A,9070.4,9470.9,8452.6,8465.8,98.9,240.5,A,314.2,201,67.6,379.4,58.3,97.4,A,96.7,97.9,99.2,95.7,2.6,A,3.3,2.1,0.8,4.3
126,48-49,Transportation and warehousing,0,Canada,2,Urban,2,Incorporated,2017,2235,..,1,..,0.007,0.007,0.044,0.044,0.128,0.128,1,9540.7,A,9521.5,9931.3,9400,9310.2,9275.2,A,9237.6,9768.8,9191.1,8903.4,98.5,265.5,A,284,162.4,208.8,406.9,42,97.2,A,97,98.4,97.8,95.6,2.8,A,3,1.6,2.2,4.4
127,481,Air transportation,0,Canada,1,Rural,2,Incorporated,2017,X,X,X,X,X,X,X,X,X,X,X,X,A,X,X,X,X,X,A,X,X,X,X,100,X,A,X,X,X,X,50,X,A,X,X,X,X,X,A,X,X,X,X
128,481,Air transportation,0,Canada,2,Urban,2,Incorporated,2017,84,..,1,..,0.006,0.006,0.061,0.061,0.148,0.148,1,10022.5,A,9340.1,11225.1,10835,8689.8,9160,A,7446.7,11099,10237.4,7857,94,862.5,A,1893.4,126.1,597.6,832.8,52.4,91.4,A,79.7,98.9,94.5,90.4,8.6,A,20.3,1.1,5.5,9.6
129,482,Rail transportation,0,Canada,1,Rural,2,Incorporated,2017,X,X,X,X,X,X,X,X,X,X,X,X,A,X,X,X,X,X,A,X,X,X,X,100,X,A,X,X,X,X,100,X,A,X,X,X,X,X,A,X,X,X,X
130,482,Rail transportation,0,Canada,2,Urban,2,Incorporated,2017,13,..,1,..,0.002,0.002,0.058,0.058,0.168,0.168,1,10191.4,A,12025.8,7669.8,9767.4,11302.6,9390.9,A,9654.6,7633.9,9764.7,10510.5,100,800.5,A,2371.2,35.9,2.7,792.1,46.2,92.1,A,80.3,99.5,100,93,7.9,A,19.7,0.5,0,7
131,483,Water transportation,0,Canada,1,Rural,2,Incorporated,2017,X,X,X,X,X,X,X,X,X,X,X,X,A,X,X,X,X,X,A,X,X,X,X,100,X,A,X,X,X,X,44.4,X,A,X,X,X,X,X,A,X,X,X,X
132,483,Water transportation,0,Canada,2,Urban,2,Incorporated,2017,X,X,X,X,X,X,X,X,X,X,X,X,A,X,X,X,X,X,A,X,X,X,X,95.5,X,A,X,X,X,X,54.5,X,A,X,X,X,X,X,A,X,X,X,X
133,484,Truck transportation,0,Canada,1,Rural,2,Incorporated,2017,332,..,1,..,0.019,0.019,0.062,0.062,0.19,0.19,1,9040.3,A,9361.6,9187.9,8803.6,8808.3,8826.1,A,9115.8,8942.4,8744.4,8501.9,98.8,214.2,A,245.8,245.5,59.2,306.4,58.7,97.6,A,97.4,97.3,99.3,96.5,2.4,A,2.6,2.7,0.7,3.5
134,484,Truck transportation,0,Canada,2,Urban,2,Incorporated,2017,1167,..,1,..,0.007,0.007,0.041,0.041,0.148,0.148,1,9591.1,A,9421.4,10201,9532.8,9209.1,9471.4,A,9256.2,10108.1,9497.6,9023.7,99.5,119.7,A,165.2,92.9,35.2,185.4,40.4,98.8,A,98.2,99.1,99.6,98,1.2,A,1.8,0.9,0.4,2
135,485,Transit and ground passenger transportation,0,Canada,1,Rural,2,Incorporated,2017,19,..,1,..,0.018,0.018,0.052,0.052,0.124,0.124,1,8704.8,A,7167.7,11794.1,7836.4,8020.9,8614.7,A,7161.7,11763.9,7827.7,7705.6,100,90,A,6,30.2,8.7,315.3,47.4,99,A,99.9,99.7,99.9,96.1,1,A,0.1,0.3,0.1,3.9
136,485,Transit and ground passenger transportation,0,Canada,2,Urban,2,Incorporated,2017,115,..,1,..,0.002,0.002,0.053,0.053,0.123,0.123,1,9144.5,A,10785,8053.1,9061,8678.7,8875.8,A,10597.6,7806,8900.4,8199.4,98.3,268.6,B,187.4,247.1,160.6,479.3,50.4,97.1,A,98.3,96.9,98.2,94.5,2.9,B,1.7,3.1,1.8,5.5
137,486,Pipeline transportation,0,Canada,1,Rural,2,Incorporated,2017,..,..,..,..,..,..,..,..,..,..,..,..,,..,..,..,..,..,,..,..,..,..,..,..,,..,..,..,..,..,..,,..,..,..,..,..,,..,..,..,..
138,486,Pipeline transportation,0,Canada,2,Urban,2,Incorporated,2017,X,X,X,X,X,X,X,X,X,X,X,X,A,X,X,X,X,X,A,X,X,X,X,100,X,E,X,X,X,X,50,X,A,X,X,X,X,X,E,X,X,X,X
139,487,Scenic and sightseeing transportation,0,Canada,1,Rural,2,Incorporated,2017,X,X,X,X,X,X,X,X,X,X,X,X,A,X,X,X,X,X,A,X,X,X,X,100,X,A,X,X,X,X,66.7,X,A,X,X,X,X,X,A,X,X,X,X
140,487,Scenic and sightseeing transportation,0,Canada,2,Urban,2,Incorporated,2017,17,..,1,..,0.025,0.025,0.061,0.061,0.123,0.123,1,8462.8,A,8303.9,8970.5,7977.6,8599.2,8165.1,A,8212.5,8965.1,7907.6,7575.3,100,297.7,A,91.4,5.4,70,1023.9,58.8,96.5,A,98.9,99.9,99.1,88.1,3.5,A,1.1,0.1,0.9,11.9
141,488,Support activities for transportation,0,Canada,1,Rural,2,Incorporated,2017,38,..,1,..,0,0,0.032,0.032,0.089,0.089,1,8775.2,A,9876.9,8949.7,8696,7578.4,8234.5,A,8441,8940,8633,6923.9,97.4,540.8,A,1435.9,9.7,63,654.5,68.4,93.8,A,85.5,99.9,99.3,91.4,6.2,A,14.5,0.1,0.7,8.6
142,488,Support activities for transportation,0,Canada,2,Urban,2,Incorporated,2017,598,..,1,..,0.007,0.007,0.042,0.042,0.094,0.094,1,9596.8,A,9402.1,9739.3,9748.9,9496.7,9167.4,A,9193.3,9491,9382.7,8602.8,96.8,429.3,A,208.8,248.3,366.3,893.9,42.3,95.5,A,97.8,97.5,96.2,90.6,4.5,A,2.2,2.5,3.8,9.4
143,491,Postal service,0,Canada,1,Rural,2,Incorporated,2017,..,..,..,..,..,..,..,..,..,..,..,..,,..,..,..,..,..,,..,..,..,..,..,..,,..,..,..,..,..,..,,..,..,..,..,..,,..,..,..,..
144,491,Postal service,0,Canada,2,Urban,2,Incorporated,2017,7,..,1,..,X,X,0.017,0.017,X,X,1,8266.4,A,X,X,X,X,8230.9,A,X,X,X,X,100,35.5,A,X,X,X,X,42.9,99.6,A,X,X,X,X,0.4,A,X,X,X,X
145,492,Couriers and messengers,0,Canada,1,Rural,2,Incorporated,2017,X,X,X,X,X,X,X,X,X,X,X,X,A,X,X,X,X,X,A,X,X,X,X,100,X,A,X,X,X,X,100,X,A,X,X,X,X,X,A,X,X,X,X
146,492,Couriers and messengers,0,Canada,2,Urban,2,Incorporated,2017,70,..,1,..,0.023,0.023,0.064,0.064,0.197,0.197,1,8828,A,7438.9,9259,9194.9,9419.2,8802.8,A,7351.6,9254.8,9192.8,9412,100,25.2,A,87.3,4.2,2.1,7.3,32.9,99.7,A,98.8,100,100,99.9,0.3,A,1.2,0,0,0.1
147,493,Warehousing and storage,0,Canada,1,Rural,2,Incorporated,2017,13,..,1,..,0.031,0.031,0.039,0.039,0.067,0.067,1,11107.4,A,11415,7644.1,10334.7,15036.1,10292.3,A,11326.3,7644,9820.3,12378.3,100,815.2,A,88.6,0,514.4,2657.8,38.5,92.7,A,99.2,100,95,82.3,7.3,A,0.8,0,5,17.7
148,493,Warehousing and storage,0,Canada,2,Urban,2,Incorporated,2017,140,..,1,..,0.004,0.004,0.052,0.052,0.128,0.128,1,9312.3,A,9631.1,9783.6,8706.3,9128.3,9101.7,A,9558.6,9747.4,8433,8667.9,99.3,210.6,C,72.4,36.2,273.3,460.3,40,97.7,A,99.2,99.6,96.9,95,2.3,C,0.8,0.4,3.1,5
149,51,Information and cultural industries,0,Canada,1,Rural,2,Incorporated,2017,27,..,1,..,0.042,0.042,0.125,0.125,0.185,0.185,1,8082.7,A,7478.4,8506.5,7949.2,8396.9,7976.6,A,7470.6,8215.9,7881.2,8338.8,100,106.1,A,7.8,290.6,68,58.1,55.6,98.7,A,99.9,96.6,99.1,99.3,1.3,A,0.1,3.4,0.9,0.7
150,51,Information and cultural industries,0,Canada,2,Urban,2,Incorporated,2017,737,..,1,..,0,0,0.043,0.043,0.126,0.126,1,9574.7,A,9217.4,10088.3,9440.2,9552.9,9044.4,A,8541.2,9810.2,9111.2,8715,98,530.3,B,676.2,278.1,329,837.9,52.9,94.5,A,92.7,97.2,96.5,91.2,5.5,B,7.3,2.8,3.5,8.8
151,511,Publishing industries,0,Canada,1,Rural,2,Incorporated,2017,6,..,1,..,X,X,X,X,X,X,1,7478.8,A,X,X,X,X,7476.1,A,X,X,X,X,100,2.7,A,X,X,X,X,33.3,100,A,X,X,X,X,0,A,X,X,X,X
152,511,Publishing industries,0,Canada,2,Urban,2,Incorporated,2017,245,..,1,..,-0.004,-0.004,0.064,0.064,0.155,0.155,1,9611.4,A,9189.7,9515.2,9800.2,9940.5,9092.8,A,8663.8,9227.8,9248.6,9231.1,98.8,518.6,B,526,287.5,551.6,709.4,61.2,94.6,A,94.3,97,94.4,92.9,5.4,B,5.7,3,5.6,7.1
153,512,Motion picture and sound recording industries,0,Canada,1,Rural,2,Incorporated,2017,X,X,X,X,X,X,X,X,X,X,X,X,A,X,X,X,X,X,A,X,X,X,X,100,X,E,X,X,X,X,25,X,A,X,X,X,X,X,E,X,X,X,X
154,512,Motion picture and sound recording industries,0,Canada,2,Urban,2,Incorporated,2017,216,..,1,..,0,0,0.013,0.013,0.093,0.093,1,9385.2,A,8791.8,10688.5,9689,8371.4,8882.6,B,8141.8,10518.8,9640.5,7229.2,97.2,502.6,B,650,169.7,48.5,1142.2,41.2,94.6,B,92.6,98.4,99.5,86.4,5.4,B,7.4,1.6,0.5,13.6
155,515,Broadcasting (except Internet),0,Canada,1,Rural,2,Incorporated,2017,X,X,X,X,X,X,X,X,X,X,X,X,A,X,X,X,X,X,A,X,X,X,X,100,X,A,X,X,X,X,100,X,A,X,X,X,X,X,A,X,X,X,X
156,515,Broadcasting (except Internet),0,Canada,2,Urban,2,Incorporated,2017,30,..,1,..,-0.004,-0.004,0.091,0.091,0.167,0.167,1,9150.3,A,7448.3,9980.9,9903.6,9268.3,8263.1,A,5508.6,9506.4,8951.8,9085.7,96.7,887.1,A,1939.7,474.5,951.7,182.5,53.3,90.3,A,74,95.2,90.4,98,9.7,A,26,4.8,9.6,2
157,517,Telecommunications,0,Canada,1,Rural,2,Incorporated,2017,X,X,X,X,X,X,X,X,X,X,X,X,A,X,X,X,X,X,A,X,X,X,X,100,X,A,X,X,X,X,68.8,X,A,X,X,X,X,X,A,X,X,X,X
158,517,Telecommunications,0,Canada,2,Urban,2,Incorporated,2017,160,..,1,..,0.005,0.005,0.043,0.043,0.088,0.088,1,9803.7,A,9742.5,10186.5,9432.2,9853.8,9289.2,A,8981.7,10070.5,9210.5,8894.2,98.1,514.5,B,760.8,116,221.7,959.7,53.1,94.8,A,92.2,98.9,97.6,90.3,5.2,B,7.8,1.1,2.4,9.7
159,518,"Data processing, hosting, and related services",0,Canada,1,Rural,2,Incorporated,2017,..,..,..,..,..,..,..,..,..,..,..,..,,..,..,..,..,..,,..,..,..,..,..,..,,..,..,..,..,..,..,,..,..,..,..,..,,..,..,..,..
160,518,"Data processing, hosting, and related services",0,Canada,2,Urban,2,Incorporated,2017,78,..,1,..,-0.028,-0.028,0.051,0.051,0.139,0.139,1,9787,A,9409.6,10503.4,9795.2,9440,9294.7,A,8745.7,10036.6,9043.6,9352.8,98.7,492.4,B,663.8,466.8,751.6,87.2,55.1,95,A,92.9,95.6,92.3,99.1,5,B,7.1,4.4,7.7,0.9
161,519,Other information services,0,Canada,1,Rural,2,Incorporated,2017,..,..,..,..,..,..,..,..,..,..,..,..,,..,..,..,..,..,,..,..,..,..,..,..,,..,..,..,..,..,..,,..,..,..,..,..,,..,..,..,..
162,519,Other information services,0,Canada,2,Urban,2,Incorporated,2017,8,..,1,..,X,X,0.036,0.036,X,X,1,8506.8,B,X,X,X,X,7523.2,B,X,X,X,X,87.5,983.6,A,X,X,X,X,87.5,88.4,B,X,X,X,X,11.6,A,X,X,X,X
163,53,Real estate and rental and leasing,0,Canada,1,Rural,2,Incorporated,2017,96,..,1,..,0.017,0.017,0.09,0.09,0.24,0.24,1,8626.9,A,9294.6,8336.6,8559.7,8316.6,6492.7,A,8027.9,7351.6,6725,3866.4,87.5,2134.2,A,1266.7,985,1834.7,4450.2,69.8,75.3,A,86.4,88.2,78.6,46.5,24.7,A,13.6,11.8,21.4,53.5
164,53,Real estate and rental and leasing,0,Canada,2,Urban,2,Incorporated,2017,1910,..,1,..,0.01,0.01,0.093,0.093,0.317,0.317,1,9009.2,A,9008.8,9242,8698.7,9087.5,4455.3,A,5349.4,6112,4261.4,2098.3,66.1,4554,A,3659.4,3130,4437.3,6989.2,79,49.5,A,59.4,66.1,49,23.1,50.5,A,40.6,33.9,51,76.9
165,531,Real estate,0,Canada,1,Rural,2,Incorporated,2017,53,..,1,..,0.008,0.008,0.072,0.072,0.323,0.323,1,8231.7,A,8865.3,8305.4,7941.7,7814.6,5228.4,A,7159.9,6896.6,5623.7,1233.6,77.4,3003.3,B,1705.4,1408.8,2318,6581,83,63.5,A,80.8,83,70.8,15.8,36.5,B,19.2,17,29.2,84.2
166,531,Real estate,0,Canada,2,Urban,2,Incorporated,2017,1510,..,1,..,0.012,0.012,0.115,0.115,0.369,0.369,1,8933.1,A,8866.9,9201,8675.5,8989,3680.9,A,4610.8,5487,3049.8,1575.9,59.6,5252.2,A,4256.1,3714,5625.7,7413,82.5,41.2,A,52,59.6,35.2,17.5,58.8,A,48,40.4,64.8,82.5
167,532,Rental and leasing services,0,Canada,1,Rural,2,Incorporated,2017,X,X,X,X,X,X,X,X,X,X,X,X,A,X,X,X,X,X,A,X,X,X,X,100,X,A,X,X,X,X,52.4,X,A,X,X,X,X,X,A,X,X,X,X
168,532,Rental and leasing services,0,Canada,2,Urban,2,Incorporated,2017,340,..,1,..,-0.004,-0.004,0.044,0.044,0.141,0.141,1,9269.7,A,9583.7,9201,9510,8784,7474.9,A,7960.4,7370.3,8128,6441.2,90.3,1794.7,A,1623.3,1830.8,1382,2342.9,63.2,80.6,A,83.1,80.1,85.5,73.3,19.4,A,16.9,19.9,14.5,26.7
169,533,Lessors of non-financial intangible assets (except copyrighted works),0,Canada,1,Rural,2,Incorporated,2017,X,X,X,X,X,X,X,X,X,X,X,X,A,X,X,X,X,X,A,X,X,X,X,100,X,A,X,X,X,X,100,X,A,X,X,X,X,X,A,X,X,X,X
170,533,Lessors of non-financial intangible assets (except copyrighted works),0,Canada,2,Urban,2,Incorporated,2017,60,..,1,..,0.048,0.048,0.107,0.107,0.271,0.271,1,9450,A,9929.1,8888,7676.3,11306.6,6832.3,A,7580.3,7266.4,4978,7504.6,91.7,2617.7,B,2348.7,1621.7,2698.3,3802.1,80,72.3,A,76.3,81.8,64.8,66.4,27.7,B,23.7,18.2,35.2,33.6
171,54,"Professional, scientific and technical services",0,Canada,1,Rural,2,Incorporated,2017,63,..,1,..,0.068,0.068,0.152,0.152,0.302,0.302,1,8100.3,A,7378,8488.4,7971.5,8563.5,6931.1,A,6984.4,8088.8,7791.8,4859.3,96.8,1169.3,A,393.6,399.5,179.6,3704.2,61.9,85.6,A,94.7,95.3,97.7,56.7,14.4,A,5.3,4.7,2.3,43.3
172,54,"Professional, scientific and technical services",0,Canada,2,Urban,2,Incorporated,2017,2679,..,1,..,0.016,0.016,0.08,0.08,0.188,0.188,1,9242.4,A,9291.3,9606.4,9164,8908.1,8640,A,8543.8,9222.2,8787.4,8006.5,96.9,602.5,B,747.5,384.2,376.6,901.6,56.3,93.5,A,92,96,95.9,89.9,6.5,B,8,4,4.1,10.1
173,541,"Professional, scientific and technical services",0,Canada,1,Rural,2,Incorporated,2017,63,..,1,..,0.068,0.068,0.152,0.152,0.302,0.302,1,8100.3,A,7378,8488.4,7971.5,8563.5,6931.1,A,6984.4,8088.8,7791.8,4859.3,96.8,1169.3,A,393.6,399.5,179.6,3704.2,61.9,85.6,A,94.7,95.3,97.7,56.7,14.4,A,5.3,4.7,2.3,43.3
174,541,"Professional, scientific and technical services",0,Canada,2,Urban,2,Incorporated,2017,2679,..,1,..,0.016,0.016,0.08,0.08,0.188,0.188,1,9242.4,A,9291.3,9606.4,9164,8908.1,8640,A,8543.8,9222.2,8787.4,8006.5,96.9,602.5,B,747.5,384.2,376.6,901.6,56.3,93.5,A,92,96,95.9,89.9,6.5,B,8,4,4.1,10.1
175,55,Management of companies and enterprises,0,Canada,1,Rural,2,Incorporated,2017,57,..,1,..,0.12,0.12,0.837,0.837,0.998,0.998,1,9894.8,A,9086.4,9891.3,10119.9,10481.5,3074.7,A,6485.3,5274.2,12.9,526.3,52.6,6820.1,A,2601.1,4617,10106.9,9955.2,94.7,31.1,A,71.4,53.3,0.1,5,68.9,A,28.6,46.7,99.9,95
176,55,Management of companies and enterprises,0,Canada,2,Urban,2,Incorporated,2017,901,..,1,..,0.223,0.223,0.916,0.916,0.996,0.996,1,9592.3,A,9486,9439.8,9610.4,9833.1,2159.8,A,5596.4,2393.6,511,138.3,38.6,7432.5,A,3889.6,7046.1,9099.4,9694.8,94.5,22.5,A,59,25.4,5.3,1.4,77.5,A,41,74.6,94.7,98.6
177,551,Management of companies and enterprises,0,Canada,1,Rural,2,Incorporated,2017,57,..,1,..,0.12,0.12,0.837,0.837,0.998,0.998,1,9894.8,A,9086.4,9891.3,10119.9,10481.5,3074.7,A,6485.3,5274.2,12.9,526.3,52.6,6820.1,A,2601.1,4617,10106.9,9955.2,94.7,31.1,A,71.4,53.3,0.1,5,68.9,A,28.6,46.7,99.9,95
178,551,Management of companies and enterprises,0,Canada,2,Urban,2,Incorporated,2017,901,..,1,..,0.223,0.223,0.916,0.916,0.996,0.996,1,9592.3,A,9486,9439.8,9610.4,9833.1,2159.8,A,5596.4,2393.6,511,138.3,38.6,7432.5,A,3889.6,7046.1,9099.4,9694.8,94.5,22.5,A,59,25.4,5.3,1.4,77.5,A,41,74.6,94.7,98.6
179,56,"Administrative and support, waste management and remediation services",0,Canada,1,Rural,2,Incorporated,2017,111,..,1,..,0.008,0.008,0.043,0.043,0.121,0.121,1,8520.4,A,8037.6,8871.7,8445.4,8726.8,7765.7,A,6955.4,8029.5,8169.5,7908.4,94.6,754.7,B,1082.2,842.1,275.9,818.4,58.6,91.1,A,86.5,90.5,96.7,90.6,8.9,B,13.5,9.5,3.3,9.4
180,56,"Administrative and support, waste management and remediation services",0,Canada,2,Urban,2,Incorporated,2017,1848,..,1,..,0.007,0.007,0.038,0.038,0.101,0.101,1,9343.4,A,9358.1,9882.7,9008.5,9124.2,8698.2,A,8765,9585.1,8626,7816.8,96.4,645.2,B,593.1,297.6,382.5,1307.4,49.2,93.1,A,93.7,97,95.8,85.7,6.9,B,6.3,3,4.2,14.3
181,561,Administrative and support services,0,Canada,1,Rural,2,Incorporated,2017,76,..,1,..,0.007,0.007,0.037,0.037,0.102,0.102,1,8259.8,A,7948,9002,7716.1,8373.1,7435.3,A,7379.5,7774.5,7333.7,7253.5,94.7,824.5,B,568.5,1227.5,382.3,1119.6,63.2,90,A,92.8,86.4,95,86.6,10,B,7.2,13.6,5,13.4
182,561,Administrative and support services,0,Canada,2,Urban,2,Incorporated,2017,1615,..,1,..,0.007,0.007,0.035,0.035,0.094,0.094,1,9352.8,A,9389.9,9957.8,9004.5,9059.2,8690.2,A,8925.9,9621.3,8604.8,7608.7,96.4,662.7,A,463.9,336.5,399.7,1450.5,49.2,92.9,A,95.1,96.6,95.6,84,7.1,A,4.9,3.4,4.4,16
183,562,Waste management and remediation services,0,Canada,1,Rural,2,Incorporated,2017,35,..,1,..,0.014,0.014,0.05,0.05,0.123,0.123,1,9086.2,A,8113.6,8220.2,9362.7,10648.2,8483.2,A,6524.6,7575.7,9339.2,10493.1,94.3,603,A,1589,644.5,23.4,155,48.6,93.4,A,80.4,92.2,99.7,98.5,6.6,A,19.6,7.8,0.3,1.5
184,562,Waste management and remediation services,0,Canada,2,Urban,2,Incorporated,2017,233,..,1,..,0.009,0.009,0.054,0.054,0.127,0.127,1,9277.8,A,9221.4,9228.3,9156.5,9505.1,8753.9,A,7732.6,9204.9,8873.8,9204.6,96.1,523.9,B,1488.8,23.4,282.7,300.5,49.4,94.4,A,83.9,99.7,96.9,96.8,5.6,B,16.1,0.3,3.1,3.2
185,61,Educational services,0,Canada,1,Rural,2,Incorporated,2017,10,..,1,..,X,X,0.039,0.039,X,X,1,7946.7,B,X,X,X,X,2473.1,B,X,X,X,X,50,5473.6,C,X,X,X,X,90,31.1,B,X,X,X,X,68.9,C,X,X,X,X
186,61,Educational services,0,Canada,2,Urban,2,Incorporated,2017,205,..,1,..,0.011,0.011,0.059,0.059,0.17,0.17,1,8652.1,A,9060.7,8682.5,8387.2,8477.9,6894.1,A,6743.7,6653.7,7210.4,6968.6,88.8,1758,C,2317,2028.8,1176.8,1509.3,62.4,79.7,A,74.4,76.6,86,82.2,20.3,C,25.6,23.4,14,17.8
187,611,Educational services,0,Canada,1,Rural,2,Incorporated,2017,10,..,1,..,X,X,0.039,0.039,X,X,1,7946.7,B,X,X,X,X,2473.1,B,X,X,X,X,50,5473.6,C,X,X,X,X,90,31.1,B,X,X,X,X,68.9,C,X,X,X,X
188,611,Educational services,0,Canada,2,Urban,2,Incorporated,2017,205,..,1,..,0.011,0.011,0.059,0.059,0.17,0.17,1,8652.1,A,9060.7,8682.5,8387.2,8477.9,6894.1,A,6743.7,6653.7,7210.4,6968.6,88.8,1758,C,2317,2028.8,1176.8,1509.3,62.4,79.7,A,74.4,76.6,86,82.2,20.3,C,25.6,23.4,14,17.8
189,62,Health care and social assistance,0,Canada,1,Rural,2,Incorporated,2017,80,..,1,..,-0.008,-0.008,0.031,0.031,0.091,0.091,1,7964.9,B,7858.3,7786,8387.4,7827.9,4915.5,A,3152.8,4573.9,6226.4,5708.8,73.8,3049.4,C,4705.5,3212.1,2161.1,2119,65,61.7,A,40.1,58.7,74.2,72.9,38.3,C,59.9,41.3,25.8,27.1
190,62,Health care and social assistance,0,Canada,2,Urban,2,Incorporated,2017,828,..,1,..,0.008,0.008,0.059,0.059,0.175,0.175,1,8729.5,A,9263.7,9096.7,8475.2,8082.4,7157.6,A,7043.5,7152,7506,6929,87.7,1571.9,B,2220.2,1944.7,969.2,1153.4,56.5,82,A,76,78.6,88.6,85.7,18,B,24,21.4,11.4,14.3
191,621,Ambulatory health care services,0,Canada,1,Rural,2,Incorporated,2017,29,..,1,..,0.006,0.006,0.055,0.055,0.131,0.131,1,8204.9,B,7086.7,9605.6,9502.9,6624.3,5659.9,A,5964.5,5453.1,5833.6,5388.3,82.8,2545,E,1122.3,4152.5,3669.3,1235.9,48.3,69,A,84.2,56.8,61.4,81.3,31,E,15.8,43.2,38.6,18.7
192,621,Ambulatory health care services,0,Canada,2,Urban,2,Incorporated,2017,433,..,1,..,0.007,0.007,0.088,0.088,0.262,0.262,1,8515.5,A,9368.1,8721.3,8122.8,7849.5,7708.9,A,7853.7,7777.7,7848.2,7356.1,93.8,806.5,C,1514.4,943.7,274.6,493.4,49.7,90.5,A,83.8,89.2,96.6,93.7,9.5,C,16.2,10.8,3.4,6.3
193,622,Hospitals,0,Canada,1,Rural,2,Incorporated,2017,X,X,X,X,X,X,X,X,X,X,X,X,A,X,X,X,X,X,A,X,X,X,X,100,X,A,X,X,X,X,0,X,A,X,X,X,X,X,A,X,X,X,X
194,622,Hospitals,0,Canada,2,Urban,2,Incorporated,2017,10,..,1,..,X,X,0.054,0.054,X,X,1,11552.3,A,X,X,X,X,11167.9,B,X,X,X,X,100,384.4,E,X,X,X,X,80,96.7,B,X,X,X,X,3.3,E,X,X,X,X
195,623,Nursing and residential care facilities,0,Canada,1,Rural,2,Incorporated,2017,23,..,1,..,-0.004,-0.004,0.031,0.031,0.067,0.067,1,8356.8,B,9002.5,8626.7,8608.6,7189.5,6393.9,A,1969.4,8069.6,8603.3,6933.5,91.3,1962.9,C,7033.1,557.1,5.4,256,65.2,76.5,A,21.9,93.5,99.9,96.4,23.5,C,78.1,6.5,0.1,3.6
196,623,Nursing and residential care facilities,0,Canada,2,Urban,2,Incorporated,2017,233,..,1,..,0.014,0.014,0.053,0.053,0.115,0.115,1,9146.6,A,8670.4,9941.4,9057.7,8916.8,7652.8,A,7299.8,8536.1,7586.1,7189.2,89.7,1493.8,B,1370.6,1405.3,1471.6,1727.5,60.5,83.7,A,84.2,85.9,83.8,80.6,16.3,B,15.8,14.1,16.2,19.4
197,624,Social assistance,0,Canada,1,Rural,2,Incorporated,2017,X,X,X,X,X,X,X,X,X,X,X,X,B,X,X,X,X,X,B,X,X,X,X,48.1,X,C,X,X,X,X,85.2,X,B,X,X,X,X,X,C,X,X,X,X
198,624,Social assistance,0,Canada,2,Urban,2,Incorporated,2017,152,..,1,..,0.001,0.001,0.024,0.024,0.087,0.087,1,8514.2,A,8854.7,8351.4,8000.5,8850.2,4564.2,B,3871.2,3943.3,4809.2,5633.1,66.4,3950,B,4983.5,4408.1,3191.3,3217.2,68.4,53.6,B,43.7,47.2,60.1,63.6,46.4,B,56.3,52.8,39.9,36.4
199,71,"Arts, entertainment and recreation",0,Canada,1,Rural,2,Incorporated,2017,31,..,1,..,0.019,0.019,0.059,0.059,0.101,0.101,1,9247.9,A,7805.6,9405,12130.8,7650.4,7097.2,A,5622.3,6359.9,11786.1,4620.7,87.1,2150.7,A,2183.3,3045.1,344.7,3029.8,64.5,76.7,A,72,67.6,97.2,60.4,23.3,A,28,32.4,2.8,39.6
200,71,"Arts, entertainment and recreation",0,Canada,2,Urban,2,Incorporated,2017,258,..,1,..,-0.002,-0.002,0.04,0.04,0.114,0.114,1,8555.5,A,8903.6,8232.9,8737.4,8347.9,5875.8,A,5881.6,4436.5,6342.1,6843.1,78.7,2679.6,B,3022,3796.4,2395.3,1504.8,71.7,68.7,A,66.1,53.9,72.6,82,31.3,B,33.9,46.1,27.4,18
201,711,"Performing arts, spectator sports and related industries",0,Canada,1,Rural,2,Incorporated,2017,X,X,X,X,X,X,X,X,X,X,X,X,A,X,X,X,X,X,A,X,X,X,X,100,X,A,X,X,X,X,66.7,X,A,X,X,X,X,X,A,X,X,X,X
202,711,"Performing arts, spectator sports and related industries",0,Canada,2,Urban,2,Incorporated,2017,89,..,1,..,0,0,0.042,0.042,0.152,0.152,1,9130.4,A,9994.4,8487,8375.9,9664.2,6537.7,A,7036.8,4318.7,6548.4,8246.7,86.5,2592.7,B,2957.6,4168.3,1827.5,1417.5,70.8,71.6,A,70.4,50.9,78.2,85.3,28.4,B,29.6,49.1,21.8,14.7
203,712,Heritage institutions,0,Canada,1,Rural,2,Incorporated,2017,X,X,X,X,X,X,X,X,X,X,X,X,A,X,X,X,X,X,A,X,X,X,X,100,X,A,X,X,X,X,50,X,A,X,X,X,X,X,A,X,X,X,X
204,712,Heritage institutions,0,Canada,2,Urban,2,Incorporated,2017,5,..,1,..,X,X,X,X,X,X,1,11098.4,B,X,X,X,X,8289.9,A,X,X,X,X,80,2808.5,C,X,X,X,X,100,74.7,A,X,X,X,X,25.3,C,X,X,X,X
205,713,"Amusement, gambling and recreation industries",0,Canada,1,Rural,2,Incorporated,2017,26,..,1,..,0.029,0.029,0.06,0.06,0.101,0.101,1,9487,A,8411.6,9563.7,12361.8,7611.1,7087.2,A,4817.3,7565.1,11630.5,4335.9,84.6,2399.9,A,3594.3,1998.6,731.3,3275.2,65.4,74.7,A,57.3,79.1,94.1,57,25.3,A,42.7,20.9,5.9,43
206,713,"Amusement, gambling and recreation industries",0,Canada,2,Urban,2,Incorporated,2017,164,..,1,..,-0.01,-0.01,0.037,0.037,0.102,0.102,1,8165.9,A,8206.5,7785.3,8965.2,7706.7,5443.1,A,5081.1,4566.2,5861,6264,74.4,2722.9,B,3125.4,3219.2,3104.2,1442.7,71.3,66.7,A,61.9,58.7,65.4,81.3,33.3,B,38.1,41.3,34.6,18.7
207,72,Accommodation and food services,0,Canada,1,Rural,2,Incorporated,2017,181,..,1,..,0.02,0.02,0.048,0.048,0.095,0.095,1,8405.8,A,8123.5,8835.8,8057.2,8606.9,8177.1,A,8036.6,8808.7,7745,8117.9,99.4,228.8,A,86.9,27.1,312.1,489,60.2,97.3,A,98.9,99.7,96.1,94.3,2.7,A,1.1,0.3,3.9,5.7
208,72,Accommodation and food services,0,Canada,2,Urban,2,Incorporated,2017,1624,..,1,..,0.017,0.017,0.046,0.046,0.086,0.086,1,8588.5,A,8451,9060.9,8495.1,8347,8383.4,A,8254.2,8933.3,8381.5,7964.6,99.5,205.1,B,196.7,127.6,113.6,382.3,56.2,97.6,A,97.7,98.6,98.7,95.4,2.4,B,2.3,1.4,1.3,4.6
209,721,Accommodation services,0,Canada,1,Rural,2,Incorporated,2017,X,X,X,X,X,X,X,X,X,X,X,X,A,X,X,X,X,X,A,X,X,X,X,98.7,X,A,X,X,X,X,58.2,X,A,X,X,X,X,X,A,X,X,X,X
210,721,Accommodation services,0,Canada,2,Urban,2,Incorporated,2017,349,..,1,..,0.007,0.007,0.064,0.064,0.137,0.137,1,9039.4,A,9166.7,9085.4,8450.1,9455.3,8552.3,A,8919.4,8737.6,8151.1,8401,99.1,487.1,B,247.3,347.8,299,1054.3,56.4,94.6,A,97.3,96.2,96.5,88.9,5.4,B,2.7,3.8,3.5,11.1
211,722,Food services and drinking places,0,Canada,1,Rural,2,Incorporated,2017,X,X,X,X,X,X,X,X,X,X,X,X,A,X,X,X,X,X,A,X,X,X,X,100,X,A,X,X,X,X,61.8,X,A,X,X,X,X,X,A,X,X,X,X
212,722,Food services and drinking places,0,Canada,2,Urban,2,Incorporated,2017,1275,..,1,..,0.018,0.018,0.044,0.044,0.076,0.076,1,8465.1,A,8150.9,9203.6,8669.1,7836.7,8337.2,A,7978,9107.8,8576.4,7686.6,99.6,127.9,B,172.9,95.9,92.7,150.1,56.2,98.5,A,97.9,99,98.9,98.1,1.5,B,2.1,1,1.1,1.9
213,81,Other services (except public administration),0,Canada,1,Rural,2,Incorporated,2017,120,..,1,..,0.023,0.023,0.064,0.064,0.163,0.163,1,8966.3,A,9381,8886.4,8583.6,9014.2,7316.6,A,7561,7510.5,7122.2,7072.8,89.2,1649.7,C,1820,1376,1461.4,1941.4,64.2,81.6,A,80.6,84.5,83,78.5,18.4,C,19.4,15.5,17,21.5
214,81,Other services (except public administration),0,Canada,2,Urban,2,Incorporated,2017,1119,..,1,..,0.004,0.004,0.044,0.044,0.099,0.099,1,8779.1,A,8688.8,9296.6,8561,8569.9,5971.9,A,5297.2,6155,6602.9,5832.6,75.7,2807.1,C,3391.6,3141.6,1958.2,2737.2,66.3,68,A,61,66.2,77.1,68.1,32,C,39,33.8,22.9,31.9
215,811,Repair and maintenance,0,Canada,1,Rural,2,Incorporated,2017,85,..,1,..,0.03,0.03,0.065,0.065,0.151,0.151,1,8508.5,A,8469.1,8047.1,8365.6,9152.1,8423.8,A,8427.9,8031.2,8305.4,8930.8,100,84.7,A,41.2,15.9,60.2,221.3,60,99,A,99.5,99.8,99.3,97.6,1,A,0.5,0.2,0.7,2.4
216,811,Repair and maintenance,0,Canada,2,Urban,2,Incorporated,2017,508,..,1,..,0.017,0.017,0.056,0.056,0.101,0.101,1,8659.7,A,8129.6,9709.6,8085.9,8713.5,8529.6,A,7935.1,9657.5,8023.6,8502,99.8,130.1,A,194.5,52.1,62.3,211.5,47.8,98.5,A,97.6,99.5,99.2,97.6,1.5,A,2.4,0.5,0.8,2.4
217,812,Personal and laundry services,0,Canada,1,Rural,2,Incorporated,2017,X,X,X,X,X,X,X,X,X,X,X,X,A,X,X,X,X,X,A,X,X,X,X,100,X,A,X,X,X,X,20,X,A,X,X,X,X,X,A,X,X,X,X
218,812,Personal and laundry services,0,Canada,2,Urban,2,Incorporated,2017,X,X,X,X,X,X,X,X,X,X,X,X,A,X,X,X,X,X,A,X,X,X,X,96.9,X,C,X,X,X,X,49.6,X,A,X,X,X,X,X,C,X,X,X,X
219,813,"Religious, grant-making, civic, and professional and similar organizations",0,Canada,1,Rural,2,Incorporated,2017,29,..,1,..,0,0,0.023,0.023,0.197,0.197,1,10220.8,B,10157.9,10869.7,11155,8700.7,3974.6,B,3408.5,9067.4,1860.2,1562.4,58.6,6246.2,C,6749.4,1802.3,9294.8,7138.3,82.8,38.9,B,33.6,83.4,16.7,18,61.1,C,66.4,16.6,83.3,82
220,813,"Religious, grant-making, civic, and professional and similar organizations",0,Canada,2,Urban,2,Incorporated,2017,479,..,1,..,0,0,0.029,0.029,0.094,0.094,1,9033.5,B,9230.6,9204.5,9227,8471.8,2766.3,B,3380.7,2407.5,2910.7,2366.2,44.5,6267.2,C,5850,6796.9,6316.3,6105.6,90.6,30.6,B,36.6,26.2,31.5,27.9,69.4,C,63.4,73.8,68.5,72.1
221,814,Private households,0,Canada,1,Rural,2,Incorporated,2017,X,X,X,X,X,X,X,X,X,X,X,X,E,X,X,X,X,X,A,X,X,X,X,0,X,E,X,X,X,X,100,X,A,X,X,X,X,X,E,X,X,X,X
222,814,Private households,0,Canada,2,Urban,2,Incorporated,2017,X,X,X,X,X,X,X,X,X,X,X,X,A,X,X,X,X,X,A,X,X,X,X,66.7,X,A,X,X,X,X,33.3,X,A,X,X,X,X,X,A,X,X,X,X
