"Medium Businesses Profiles :  Financial ratios, incorporated businesses, Canada, 2019",,,,,,,,,,,,,,,,,,,,,,,,,,,,,,,,,,,,,,,,,,,,,,,,,,,,,,,,,,,,,,,,,,,,,
"Source : Statistics Canada, 2019",,,,,,,,,,,,,,,,,,,,,,,,,,,,,,,,,,,,,,,,,,,,,,,,,,,,,,,,,,,,,,,,,,,,,
,,,,,,,,,,,,,,,,,,,,,,,,,,,,,,,,,,,,,,,,,,,,,,,,,,,,,,,,,,,,,,,,,,,,,
"Note : Values are averages in current dollars ( x $1,000) unless otherwise indicated. Data includes entrprises reporting annual total revenues of $5,000,001 to $20,000,000, inclusively. Calculations are revenue based.",,,,,,,,,,,,,,,,,,,,,,,,,,,,,,,,,,,,,,,,,,,,,,,,,,,,,,,,,,,,,,,,,,,,,
,,,,,,,,,,,,,,,,,,,,,,,,,,,,,,,,,,,,,,,,,,,,,,,,,,,,,,,,,,,,,,,,,,,,,
ID,"North American Industry Classification System, NAICS - code","North American Industry Classification System, NAICS",Geography - code,Geography,Location indicator - code,Location indicator,Incorporation status - code,Incorporation status,Reference year,Current ratio (times),"Current ratio (times), first quartile","Current ratio (times), second quartile","Current ratio (times), third quartile","Current ratio (times), fourth quartile",Debt to equity ratio (times),"Debt to equity ratio (times), first quartile","Debt to equity ratio (times), second quartile","Debt to equity ratio (times), third quartile","Debt to equity ratio (times), fourth quartile",Interest coverage ratio (times),"Interest coverage ratio (times), first quartile","Interest coverage ratio (times), second quartile","Interest coverage ratio (times), third quartile","Interest coverage ratio (times), fourth quartile",Debt ratio (times),"Debt ratio (times), first quartile","Debt ratio (times), second quartile","Debt ratio (times), third quartile","Debt ratio (times), fourth quartile",Revenue to equity ratio (times),"Revenue to equity ratio (times), first quartile","Revenue to equity ratio (times), second quartile","Revenue to equity ratio (times), third quartile","Revenue to equity ratio (times), fourth quartile",Revenue to closing inventory ratio (times),"Revenue to closing inventory ratio (times), first quartile","Revenue to closing inventory ratio (times), second quartile","Revenue to closing inventory ratio (times), third quartile","Revenue to closing inventory ratio (times), fourth quartile",Current debt to equity (%),"Current debt to equity (%), first quartile","Current debt to equity (%), second quartile","Current debt to equity (%), third quartile","Current debt to equity (%), fourth quartile",Net profit to equity (%),"Net profit to equity (%), first quartile","Net profit to equity (%), second quartile","Net profit to equity (%), third quartile","Net profit to equity (%), fourth quartile",Net fixed assets to equity (%),"Net fixed assets to equity (%), first quartile","Net fixed assets to equity (%), second quartile","Net fixed assets to equity (%), third quartile","Net fixed assets to equity (%), fourth quartile",Gross margin (%),"Gross margin (%), first quartile","Gross margin (%), second quartile","Gross margin (%), third quartile","Gross margin (%), fourth quartile",Return on total assets (%),"Return on total assets (%), first quartile","Return on total assets (%), second quartile","Return on total assets (%), third quartile","Return on total assets (%), fourth quartile",Collection period for accounts receivable (days),"Collection period for accounts receivable (days), first quartile","Collection period for accounts receivable (days), second quartile","Collection period for accounts receivable (days), third quartile","Collection period for accounts receivable (days), fourth quartile"
,,,,,,,,,,,,,,,,,,,,,,,,,,,,,,,,,,,,,,,,,,,,,,,,,,,,,,,,,,,,,,,,,,,,,
1,0,All industries,0,Canada,1,Rural,2,Incorporated,2019,1.4,1.4,1.4,1.4,1.3,1.4,1.3,1.4,1.2,1.6,4.4,3.9,3.5,5,4.9,0.6,0.6,0.6,0.5,0.6,3,2.4,2.9,2.7,3.8,6.8,7.1,6.8,7.1,6.6,76,62.9,71.3,67.8,94.2,10.9,8.9,9,11,13,100,111.7,117.7,87.5,93.5,39.3,46.8,43.7,41.1,33.5,5.9,5.2,5.2,6.3,6.3,34.5,35.7,32.9,36.4,33.7
2,0,All industries,0,Canada,2,Urban,2,Incorporated,2019,1.5,1.5,1.4,1.4,1.5,1.2,1.3,1.2,1.1,1.1,6.3,6.3,6,6.2,6.5,0.5,0.6,0.6,0.5,0.5,1.7,1.7,1.8,1.5,1.7,9.5,9.8,9.6,9.7,9.2,57.3,59.8,61.8,54.4,56.5,11.8,13.1,12.2,10.8,11.8,50.9,64.2,60.6,46.1,45.2,36.9,42,39.2,36.7,34.1,6.5,6.8,6.5,6.2,6.5,48.9,45.4,47.9,49.2,50.5
3,11,"Agriculture, forestry, fishing and hunting",0,Canada,2,Urban,2,Incorporated,2019,1,1,1,1,1,2.2,1.8,1.9,2,2.9,-4.8,-3.8,-5,-5.1,-5,0.7,0.6,0.7,0.7,0.7,2.2,1.7,1.8,2.2,2.8,5.2,4.4,4.9,5.3,5.8,89.5,69.6,77.1,89.2,111.6,-30.9,-24.5,-27.5,-32,-36.6,182.1,180.9,175.1,175.5,193.5,76.1,87.1,80.7,73.3,71.6,-7.9,-6.9,-8,-8.9,-7.8,36.6,30.2,35,39.5,37.9
4,11,"Agriculture, forestry, fishing and hunting",0,Canada,1,Rural,2,Incorporated,2019,1.1,1.1,1.1,1,1.2,1.5,1.4,1.3,1.7,1.8,-4.2,-2.9,-5.4,-3,-5.3,0.6,0.6,0.6,0.6,0.6,1.8,1.2,1.5,2,2.2,3.9,3.3,3.8,4.8,3.8,71.7,59.3,57.1,77.9,87,-22.3,-14.3,-24.1,-19.5,-29.2,149.8,147.4,138.8,164.3,149.1,82.5,89.8,85.8,84.9,76.6,-7.1,-4.5,-8.9,-5.4,-8.8,28,32.7,21.3,28.1,29.5
5,111,Crop production,0,Canada,2,Urban,2,Incorporated,2019,1.1,1.1,1.2,1.1,1.1,1.8,1.6,2,1.6,1.9,-5.1,-3.5,-4.4,-5.7,-6,0.6,0.6,0.7,0.6,0.7,1.8,1.5,1.8,1.7,2.1,4.9,4.1,5.5,4.7,5.2,77.3,65.9,72.1,74.5,88.7,-28.7,-21.6,-24.5,-31.2,-32.9,166.4,163.3,179.8,147.6,176,86,92.2,87.6,82.9,85,-8.6,-6.5,-6.7,-10.1,-9.5,40.2,35.2,38.5,42.3,41.7
6,111,Crop production,0,Canada,1,Rural,2,Incorporated,2019,1.3,1.3,1.2,1,1.5,1.4,1.5,1,1.4,1.6,-3.6,-4.1,-5.6,-3.4,-2.5,0.6,0.6,0.5,0.6,0.6,1.4,1.2,1.2,1.5,1.7,3.1,2.4,2.9,3.7,3.2,59.5,57.7,48.2,71.2,60.6,-17.6,-17.7,-18.2,-19.9,-15.6,136.7,141.4,114,145.3,144.6,92.8,97.5,95.5,91.6,90.1,-5.9,-5.7,-7.8,-6.5,-4.4,31.5,34.9,23.5,35.9,31.2
7,112,Animal production and aquaculture,0,Canada,2,Urban,2,Incorporated,2019,0.9,0.9,1,0.8,0.9,2.5,2.3,2.1,2.7,2.8,-8.5,-6.3,-8.2,-8.6,-9.8,0.7,0.7,0.7,0.7,0.7,1.9,1.6,1.5,2.1,2.5,3.2,3,2.9,3.3,3.5,103.9,83.3,76.2,111.5,132.5,-59.8,-48.2,-46.6,-69.3,-70.3,222.5,222.5,209.9,251.9,211.2,93.2,97,95.1,89.3,93.2,-15.1,-12.6,-13.2,-16.6,-16.7,29.6,26.6,24.5,26.3,35
8,112,Animal production and aquaculture,0,Canada,1,Rural,2,Incorporated,2019,1,0.7,1.2,0.9,1,2,1.6,1.8,1.9,2.5,-9.4,-5.4,-9.9,-7.3,-13.4,0.7,0.6,0.6,0.7,0.7,1.7,1.1,1.7,1.7,2.3,2.9,3,3.2,3.3,2.6,94,72.5,63.6,90.5,137.4,-55.4,-27.8,-53.6,-45.8,-90.2,179.7,176.8,176.7,178.6,185.4,94.4,97.8,94.7,96.6,91.5,-16.8,-9.1,-17.4,-13.7,-23.7,25.4,24.6,18.9,27,28
9,113,Forestry and logging,0,Canada,2,Urban,2,Incorporated,2019,0.8,0.9,0.5,0.8,1,1.5,1.3,1.8,1.5,1.3,7.4,7.8,7.5,9.2,5.8,0.6,0.6,0.6,0.6,0.6,3.7,3.1,3.3,4,4.2,31.4,32.9,62,27,27.5,86.9,73.8,109,92.7,76.3,27,23,34.1,36.8,18.1,144.5,139.6,172.4,147.8,128.1,44.3,65,46.4,48.2,33.3,12.7,11.6,14.3,16.4,9.3,24.7,19.2,23.7,30.1,23.6
10,113,Forestry and logging,0,Canada,1,Rural,2,Incorporated,2019,X,X,X,X,X,X,X,X,X,X,X,X,X,X,X,X,X,X,X,X,X,X,X,X,X,X,X,X,X,X,X,X,X,X,X,X,X,X,X,X,X,X,X,X,X,X,X,X,X,X,X,X,X,X,X,X,X,X,X,X
11,114,"Fishing, hunting and trapping",0,Canada,2,Urban,2,Incorporated,2019,0.5,1.2,0.6,0.8,0.3,2.7,2.9,8.6,2.3,2.5,7.4,124.5,1.9,4.5,6.9,0.7,0.7,0.9,0.7,0.7,3.4,5.5,18.9,2.4,2.5,56.6,2397.6,62.4,49.5,42,194.2,259.4,503.6,124,206.3,31.4,126.2,18,20.5,22.7,257.1,69.8,601.9,209.4,296.3,42.8,32.2,36,50.4,45.4,9.8,33,3.9,8,7.6,39.1,5.7,28,87.8,26.9
12,114,"Fishing, hunting and trapping",0,Canada,1,Rural,2,Incorporated,2019,X,X,X,X,X,X,X,X,X,X,X,X,X,X,X,X,X,X,X,X,X,X,X,X,X,X,X,X,X,X,X,X,X,X,X,X,X,X,X,X,X,X,X,X,X,X,X,X,X,X,X,X,X,X,X,X,X,X,X,X
13,115,Support activities for agriculture and forestry,0,Canada,2,Urban,2,Incorporated,2019,1.5,1.7,1.5,1.3,1.6,4.7,0.8,1.8,1.7,30,2.1,5,6,3.3,1.1,0.8,0.4,0.6,0.6,1,3.9,2.4,2.8,2.6,13.3,13.4,18.2,17.7,7.1,20.6,104.2,42.4,72.5,101.3,319.4,7.5,7.1,11,5.8,5.8,152.1,61.1,128.9,112,531.9,43.7,51,53.3,33,43,2.5,5,4.8,3.1,1.5,51.7,41.6,38.5,62.4,55.1
14,115,Support activities for agriculture and forestry,0,Canada,1,Rural,2,Incorporated,2019,1.6,1.2,1.9,1.5,1.6,1.2,1.2,1.5,1.3,1,10.6,4.9,21,19.2,5.8,0.5,0.5,0.6,0.6,0.5,3.4,2.8,4.1,3.2,3.4,10.2,11.5,11.3,11.1,8.9,66,72.3,67,62.9,64.9,28.9,22.3,57.1,42.8,10.7,88.2,108.4,122,99.9,57,40.5,46.2,52.7,39.7,32.9,14.5,12.7,23.7,19.9,6.4,35.3,45.6,28.5,36,34.1
15,21,"Mining, quarrying, and oil and gas extraction",0,Canada,2,Urban,2,Incorporated,2019,1.1,1.3,0.8,1.3,1.1,0.8,0.7,1.6,0.7,0.6,-4.5,-4.5,-4.1,-4.2,-4.8,0.4,0.4,0.6,0.4,0.4,0.6,0.4,0.8,0.7,0.5,12.4,19.6,18.7,19.9,8.1,33.1,24.9,71.5,27.4,28,-8.6,-5.8,-10.5,-5.9,-10.3,68.1,61.5,91.7,73.8,61.5,48.9,45.8,50.9,53.1,46.4,-3.9,-2.9,-3.3,-2.8,-5.2,72.9,73.6,62.5,70.2,79.3
16,21,"Mining, quarrying, and oil and gas extraction",0,Canada,1,Rural,2,Incorporated,2019,1.3,1.7,1.8,1.5,1,1.2,0.9,1.2,0.8,1.7,8,8.1,7.7,10,7.3,0.5,0.5,0.5,0.5,0.6,2.1,1.6,1.8,1.9,2.9,20.4,32.1,27.8,14,21.1,56.8,41.5,36.8,46.2,94.4,22.4,16.3,22.8,20,28.9,119.6,102.5,138.5,91.7,144.8,57.6,67.9,59.2,56,54,11.7,9.7,11.8,12.1,12.4,60,60.3,60,54.3,63.8
17,211,Oil and gas extraction,0,Canada,2,Urban,2,Incorporated,2019,0.8,0.5,0.8,1,0.7,0.6,2.6,1,0.3,0.5,-11.1,-9.3,-36,-14,-7.7,0.4,0.7,0.5,0.2,0.3,0.2,0.6,0.5,0.2,0.2,442.4,145.3,567.5,1914.2,449.4,21.2,82.9,25.9,18.6,16.7,-17.2,-30.6,-28.9,-18.3,-13.3,78,253.1,138.5,88.2,45.6,57.4,63.5,53.9,67.5,49.5,-9.9,-7.7,-14.2,-12.8,-7.7,53.3,53.1,50.1,50.8,56.5
18,211,Oil and gas extraction,0,Canada,1,Rural,2,Incorporated,2019,1.6,X,X,X,X,0.8,X,X,X,X,13,X,X,X,X,0.4,X,X,X,X,0.9,X,X,X,X,194.9,X,X,X,X,22.5,X,X,X,X,7.8,X,X,X,X,123.9,X,X,X,X,62.8,X,X,X,X,4.7,X,X,X,X,49,X,X,X,X
19,212,Mining and quarrying (except oil and gas),0,Canada,1,Rural,2,Incorporated,2019,1.7,1.3,2.8,1.9,1.3,1,0.7,1,1,1.2,6.4,4.4,4.4,13.2,6.6,0.5,0.4,0.5,0.5,0.5,1.2,1.3,0.8,1.3,1.7,9.5,13.1,8.4,8.3,10.2,34.1,46.9,16.5,33.3,50.3,12.4,7.4,7.8,13.2,19.9,122.5,99,138.5,106.6,130.8,45.3,64.4,38.6,37.1,47.8,7.3,5.6,5.1,7,10.8,59.4,61.3,49.8,61.1,62.8
20,212,Mining and quarrying (except oil and gas),0,Canada,2,Urban,2,Incorporated,2019,1.7,1.7,1,3,1.6,1.2,0.9,3,0.7,1.1,5.1,8.4,-0.6,13,8,0.5,0.5,0.8,0.4,0.5,1.4,1.2,1.9,1.1,1.6,6.7,8.1,6.5,6.6,6.4,45.7,39,99.8,23.1,49.7,6.6,7.3,-7.8,8.2,10.2,117,103,258.8,67,116.8,27.6,37.2,29.1,31.8,20.6,3.7,4.3,-0.7,5.1,5.6,67.4,64,61.6,62.6,74.4
21,213,"Support activities for mining, and oil and gas extraction",0,Canada,1,Rural,2,Incorporated,2019,1.1,1.8,1.6,1.2,0.8,1.4,1,1.2,1.2,2.5,8.8,7.4,11.4,14.1,5.7,0.6,0.5,0.5,0.5,0.7,3.2,1.7,2.9,3.4,5.3,35.9,33.8,30,32.8,43.9,87.6,41.2,54.2,81.2,181.6,36,17.7,40.2,51.9,38.7,115.7,103.2,112.2,93.4,157.2,62.4,69.7,59.1,63.3,60.3,16.6,10.4,19.9,25.8,13.3,60.9,67,56.4,59.2,61.7
22,213,"Support activities for mining, and oil and gas extraction",0,Canada,2,Urban,2,Incorporated,2019,1.1,1.8,0.7,1.2,1.3,0.9,0.3,1.6,1.7,0.9,0.4,-2.9,-4.3,13.2,1.2,0.5,0.3,0.6,0.6,0.5,0.8,0.4,0.8,1.7,1,11.5,19.4,34.5,23.5,6.4,44.9,14.9,85.5,60.8,45.6,-1,-2.9,-13,18.5,0.5,49,30.7,51.2,47.6,67.7,52.3,41.3,58.6,53.6,52.4,0.3,-1.6,-4.1,7.4,1.5,80.4,79.8,66.7,78.2,88.6
23,22,Utilities,0,Canada,2,Urban,2,Incorporated,2019,1,1.1,0.7,1.4,0.9,1,0.4,0.9,1.6,1.6,1.9,4.1,3,-0.2,1.4,0.5,0.3,0.5,0.6,0.6,0.4,0.2,0.4,0.4,0.7,28.4,35,166,42.3,16.6,37.2,10.5,37.9,42,79.5,2.5,4,7.3,-2.6,2,75,38,149.4,98.4,51.4,49.6,67.6,74.9,36.7,36.5,2.6,3.8,5.8,-0.2,2.9,68.3,91.5,63.2,56.8,69.8
24,22,Utilities,0,Canada,1,Rural,2,Incorporated,2019,1.9,1.3,1.5,2.3,2.1,1.9,1.3,5.9,0.9,1.3,2.1,1.5,1.9,11.6,3.1,0.6,0.6,0.9,0.5,0.6,1.3,0.6,1.8,1.4,1.8,63,54.5,55,71.7,66.8,35,16.8,71.1,30.9,40.9,9.1,3.5,25.5,7.2,8.7,199,195.8,507.2,103.8,130.4,47.7,78,73.6,37.8,29,6,4.8,8,4.1,5.5,57,45.4,60.9,65.8,53.5
25,221,Utilities,0,Canada,2,Urban,2,Incorporated,2019,1,1.1,0.7,1.4,0.9,1,0.4,0.9,1.6,1.6,1.9,4.1,3,-0.2,1.4,0.5,0.3,0.5,0.6,0.6,0.4,0.2,0.4,0.4,0.7,28.4,35,166,42.3,16.6,37.2,10.5,37.9,42,79.5,2.5,4,7.3,-2.6,2,75,38,149.4,98.4,51.4,49.6,67.6,74.9,36.7,36.5,2.6,3.8,5.8,-0.2,2.9,68.3,91.5,63.2,56.8,69.8
26,221,Utilities,0,Canada,1,Rural,2,Incorporated,2019,1.9,1.3,1.5,2.3,2.1,1.9,1.3,5.9,0.9,1.3,2.1,1.5,1.9,11.6,3.1,0.6,0.6,0.9,0.5,0.6,1.3,0.6,1.8,1.4,1.8,63,54.5,55,71.7,66.8,35,16.8,71.1,30.9,40.9,9.1,3.5,25.5,7.2,8.7,199,195.8,507.2,103.8,130.4,47.7,78,73.6,37.8,29,6,4.8,8,4.1,5.5,57,45.4,60.9,65.8,53.5
27,23,Construction,0,Canada,1,Rural,2,Incorporated,2019,1.5,1.6,1.7,1.5,1.5,1.6,1.3,1.3,1.5,1.9,16.4,16.9,15.6,22.7,14,0.6,0.6,0.6,0.6,0.7,4.4,3.8,3.6,4.7,4.9,13.7,13.4,13,15.9,13,100.9,86.6,80.6,102.5,119.7,39.1,35.5,32.9,44.1,41.4,83.9,74,83.2,69.5,98.8,32.8,36.6,31.9,33.6,31.2,16,16.1,15,18.2,15.2,62.9,60.9,57.4,64.5,65.3
28,23,Construction,0,Canada,2,Urban,2,Incorporated,2019,1.5,1.5,1.6,1.6,1.5,2.1,2.5,1.8,2.1,2.2,10.9,8.2,9.6,11.7,12.8,0.7,0.7,0.6,0.7,0.7,3.8,3.8,2.9,3.9,4.3,7.5,5.9,6.7,7.5,8.8,126.5,147.8,100.7,122.3,139,26.2,25.5,20.4,25.5,31.1,60,70.6,69.5,56.3,51.4,23.9,26.8,25.9,23,22.3,9.3,8.3,8.2,9.1,10.5,74.2,68.4,70.7,76.4,76.6
29,236,Construction of buildings,0,Canada,1,Rural,2,Incorporated,2019,1.5,1.5,1.6,1.7,1.5,2.1,1.7,1.8,2.1,2.4,17.9,19.6,16.1,25.4,15.8,0.7,0.6,0.6,0.7,0.7,5.8,4.6,4.8,7.1,6.3,7.4,7.7,6.7,9.3,6.7,139.2,131.6,106.3,147.5,159.8,38.3,35.3,30,40.2,44.2,62.7,53.5,80.8,33.7,72.4,18.9,26.6,17.5,17.5,17.3,13.3,13.8,11.6,13.6,13.8,50.6,55,43.6,54.7,49.6
30,236,Construction of buildings,0,Canada,2,Urban,2,Incorporated,2019,1.6,1.5,1.9,1.6,1.4,2.7,2.8,2.1,3.2,2.7,7.9,4.7,8.2,8.4,9.5,0.7,0.7,0.7,0.8,0.7,4.3,3.5,3.2,5.6,4.7,4.4,3.6,3.8,4,5.4,167.2,179.2,119.9,200.6,176,22.6,15.8,18,23.5,28.5,46.5,54,44.8,49.2,42.5,17.6,19.4,19.3,16.2,16.9,7,5.3,6.6,6.3,8.5,59.9,56.3,50.2,67.6,61.1
31,237,Heavy and civil engineering construction,0,Canada,2,Urban,2,Incorporated,2019,1.3,1.3,1,1.5,1.5,2.1,4.3,1.8,1.8,2.1,6.8,5.8,4.4,6.8,10.1,0.7,0.8,0.6,0.6,0.7,1.7,2.9,1.1,1.7,2.1,4.9,2.9,4.1,6.7,5.9,100.6,209.7,88.2,69.8,108.9,16.5,25.2,9.6,16.4,20.6,86.6,160.7,102.4,74.3,62.7,29.6,29,35.6,28.8,27.3,6.2,5.8,4.5,6.9,7.4,79.4,79.2,89.1,67,82.9
32,237,Heavy and civil engineering construction,0,Canada,1,Rural,2,Incorporated,2019,1.5,1.5,2,1.6,1.3,1.5,1.1,0.9,1.6,2.2,14.8,13.7,18.8,13,14.3,0.6,0.5,0.5,0.6,0.7,3.6,2.8,2.3,4.1,4.9,30.1,30.5,28.1,29.2,31.6,88.1,64.4,51.5,84.4,140.1,39.1,33.1,36.2,33.3,50,98.4,93.8,70.3,103.5,124.1,45,55.2,49.9,41.3,42,17,17.3,20.6,14.1,16.8,65.7,56.3,49.4,64.4,77.1
33,238,Specialty trade contractors,0,Canada,1,Rural,2,Incorporated,2019,1.6,1.8,1.6,1.4,1.6,1.4,1.2,1.4,1.5,1.5,16.9,15.9,20.4,17.6,15.6,0.6,0.5,0.6,0.6,0.6,4.1,3.7,4.4,3.8,4.4,21.2,24.5,19.6,27.3,18.3,87.7,68,92.7,92.5,91.2,39.5,32.6,43.9,38.7,41.2,85.9,78,80,89.5,90,36.5,35.5,37.9,39.5,34.4,17.2,15.7,18.8,16.3,17.8,71.2,68.6,70.6,72.5,71.7
34,238,Specialty trade contractors,0,Canada,2,Urban,2,Incorporated,2019,1.6,1.8,1.6,1.6,1.6,1.6,1.5,1.5,1.6,1.8,20.5,17.9,20.3,18.2,23.8,0.6,0.6,0.6,0.6,0.6,5,4.5,4.7,4.9,5.5,22.9,21.2,22.8,24.5,22.7,113.5,93.3,103,115.2,127.6,37.5,35,37.7,34.4,40.7,49.3,47.9,53,47.2,49.3,26.9,31.9,28.5,26,24.7,15.1,15.1,16,14,15.2,83,75.4,78.8,85.8,86.1
35,31-33,Manufacturing,0,Canada,1,Rural,2,Incorporated,2019,1.6,1.7,1.8,1.7,1.5,1.4,1.5,1.3,1.4,1.6,6.7,5.5,6.5,7.1,7,0.6,0.6,0.6,0.6,0.6,3.2,3.2,2.7,3.3,3.6,6.4,6.3,6,5.7,7.2,78.5,76.8,60.3,80,89.5,17.2,17.7,13.8,16.6,19.6,89.3,97.7,90.9,81.3,90.8,26.8,28.8,27.8,26.4,25.8,8.3,8.5,7.3,8.1,8.8,50.8,50.7,50.3,51.4,50.7
36,31-33,Manufacturing,0,Canada,2,Urban,2,Incorporated,2019,1.7,1.7,1.7,1.8,1.6,1.5,1.4,1.7,1.5,1.5,6.5,4.9,4.1,7.3,7.8,0.6,0.6,0.6,0.6,0.6,3.3,3,3.5,3.4,3.2,6.9,7.2,7,7.1,6.6,88.6,81.5,93.2,86.9,90.3,15.4,13.8,8.2,19.1,16.9,69.6,61.4,75.3,69.3,70.5,30.2,32.9,31.2,29.8,28.9,7.2,7.1,4.1,8.9,7.6,61.3,59.8,58.8,61.1,63.1
37,311,Food manufacturing,0,Canada,2,Urban,2,Incorporated,2019,1.4,1.6,1.6,1.3,1.3,2.2,1.7,3,2.4,2,4.2,6.2,5.3,2.5,5.8,0.7,0.6,0.8,0.7,0.7,5.2,4.3,7.2,5.2,5,10.3,10.3,9.7,11.4,9.9,108,81.9,132.2,112.5,108,16.6,15.9,22.7,14.9,16,126.7,103.8,170,156,102.9,27,33,27.9,27.1,24.4,6.8,7.1,7,7.2,6.4,37.8,34.9,36.1,40.5,37.8
38,311,Food manufacturing,0,Canada,1,Rural,2,Incorporated,2019,1.6,1.5,1.2,1.8,1.9,1.4,2.1,2.1,1,1.3,4.9,8.3,5,3.3,4.9,0.6,0.7,0.7,0.5,0.6,3.8,5,4.7,2.9,3.9,11.6,12.5,9.8,11.4,12.6,66.1,96.9,109.2,49.1,56,12.1,24.5,13.7,5.5,14.4,111.9,144.1,147.9,91,108.1,25.7,23.4,25.3,27.5,25.5,6.3,8.9,5.5,3.8,7.8,34.7,32.3,35.5,35.4,34.6
39,312,Beverage and tobacco product manufacturing,0,Canada,1,Rural,2,Incorporated,2019,0.8,X,X,X,X,3.3,X,X,X,X,0,X,X,X,X,0.8,X,X,X,X,3.3,X,X,X,X,4.2,X,X,X,X,181.6,X,X,X,X,-23.6,X,X,X,X,195.6,X,X,X,X,65.7,X,X,X,X,-0.2,X,X,X,X,41,X,X,X,X
40,312,Beverage and tobacco product manufacturing,0,Canada,2,Urban,2,Incorporated,2019,1.1,1.4,0.6,1.4,1.3,2.9,5.7,11.3,1.4,2,0.7,-3.9,-2.7,3,4.6,0.7,0.9,0.9,0.6,0.7,3.5,5.3,8.6,2.4,2.9,4.2,4,3.4,4.8,4.5,155.6,195.8,831.7,77.6,92.8,-1.8,-82.3,-57.9,10.8,15.5,175.9,289.9,501.2,98.1,155.9,42.8,43.3,40.7,47.7,40.4,1.3,-9.8,-3.4,6.7,6.6,36.9,54.8,44.2,34.3,27.9
41,313,Textile mills,0,Canada,1,Rural,2,Incorporated,2019,1.7,X,X,X,X,0.9,X,X,X,X,7.2,X,X,X,X,0.5,X,X,X,X,2.8,X,X,X,X,5.8,X,X,X,X,67.7,X,X,X,X,15.7,X,X,X,X,65.4,X,X,X,X,26.8,X,X,X,X,9.7,X,X,X,X,63,X,X,X,X
42,313,Textile mills,0,Canada,2,Urban,2,Incorporated,2019,2,1,2.2,1.9,2.4,1.3,1,1.2,1.5,1.2,21.5,28.4,20.8,6.4,98.7,0.6,0.5,0.5,0.6,0.5,3.3,3.8,2.5,3.1,3.9,5,12.6,4.2,4.5,4.8,71.9,69.1,72.3,74.8,70.1,32.1,79.1,41.4,10.7,24.6,48.3,44.9,41.4,57.2,47.1,28.7,34.6,27.2,18.3,34.9,14.9,40.4,20,5.1,11.3,43.1,26.7,41.4,50.3,45.3
43,314,Textile product mills,0,Canada,2,Urban,2,Incorporated,2019,2.1,2.8,2.6,1.4,2.5,1,0.7,0.7,2,0.7,13.5,8.8,12.2,9.4,25.8,0.5,0.4,0.4,0.7,0.4,2.9,3.3,1.9,4.3,3,5.1,5.2,5.5,6.3,4.4,64.9,55,41.3,126.9,58.3,19.7,14.4,13,30.3,21.9,41.2,11.7,39.3,114.9,18.7,28.6,33.7,35.7,26.6,24.5,10.9,9.6,8.3,11.2,13.1,49.9,43.9,48,56.2,48.9
44,314,Textile product mills,0,Canada,1,Rural,2,Incorporated,2019,4.2,X,X,X,X,1.2,X,X,X,X,29.2,X,X,X,X,0.6,X,X,X,X,3.3,X,X,X,X,4.5,X,X,X,X,40.2,X,X,X,X,37.7,X,X,X,X,35.8,X,X,X,X,34.6,X,X,X,X,17.4,X,X,X,X,53.2,X,X,X,X
45,315,Clothing manufacturing,0,Canada,2,Urban,2,Incorporated,2019,2,2.3,2.7,1.8,1.9,1.5,1.2,0.9,2,1.7,9.7,22.9,18.7,2.1,10.5,0.6,0.6,0.5,0.7,0.6,4.5,3.8,4,5.2,4.7,4.6,5,8.1,3.7,4.2,96.7,64.2,62.3,130.6,111.2,25.1,33.9,29.4,4.6,30.8,36.1,17.5,14.9,44.6,51.9,34.4,39.2,27.9,37.2,34,11.1,15.9,16.1,3,12.6,46,40.9,56.3,40,46.9
46,315,Clothing manufacturing,0,Canada,1,Rural,2,Incorporated,2019,2.8,X,X,X,X,0.6,X,X,X,X,10.2,X,X,X,X,0.4,X,X,X,X,1.4,X,X,X,X,4.3,X,X,X,X,25,X,X,X,X,12.5,X,X,X,X,37,X,X,X,X,32.4,X,X,X,X,8.7,X,X,X,X,59.4,X,X,X,X
47,316,Leather and allied product manufacturing,0,Canada,2,Urban,2,Incorporated,2019,2.4,X,X,X,X,2.3,X,X,X,X,0.3,X,X,X,X,0.7,X,X,X,X,4.2,X,X,X,X,5.9,X,X,X,X,87.9,X,X,X,X,-4,X,X,X,X,98.3,X,X,X,X,20.6,X,X,X,X,0.6,X,X,X,X,41.5,X,X,X,X
48,316,Leather and allied product manufacturing,0,Canada,1,Rural,2,Incorporated,2019,X,X,X,X,X,X,X,X,X,X,X,X,X,X,X,X,X,X,X,X,X,X,X,X,X,X,X,X,X,X,X,X,X,X,X,X,X,X,X,X,X,X,X,X,X,X,X,X,X,X,X,X,X,X,X,X,X,X,X,X
49,321,Wood product manufacturing,0,Canada,1,Rural,2,Incorporated,2019,1.7,2.1,1.3,1.9,1.6,1.6,1.6,2.1,1.2,1.5,5.3,9.7,0.2,6.7,7,0.6,0.6,0.7,0.5,0.6,3.1,3,2.7,3,3.6,6.5,6.6,5.6,6.9,6.8,68.8,59.1,85.4,59.2,70.1,12.7,21.9,-3.2,11.5,19.8,114.6,105.3,167.8,73.4,118.2,25.3,31.7,22.1,22.6,26.4,6.1,9.3,0.2,6.1,9.3,39.9,43.3,39,34.8,42.6
50,321,Wood product manufacturing,0,Canada,2,Urban,2,Incorporated,2019,1.9,1.6,1.7,1.9,2.1,1.5,1.3,1.6,1.5,1.7,10.7,14.3,10.1,9.9,10.3,0.6,0.6,0.6,0.6,0.6,3.9,2.9,4,4.2,4.3,6.8,6,7.1,8,6.4,79.5,86.7,84.3,76.7,75.1,23.6,23.6,20.2,29.6,21.3,68.4,54.8,82.2,75.7,63.8,23.6,30,26.1,23.9,20,10.3,11.2,8.7,13.2,8.8,47.7,56.6,47.6,47.2,44.8
51,322,Paper manufacturing,0,Canada,1,Rural,2,Incorporated,2019,1,X,X,X,X,2,X,X,X,X,3.8,X,X,X,X,0.7,X,X,X,X,4.4,X,X,X,X,7.1,X,X,X,X,162.2,X,X,X,X,24.8,X,X,X,X,111.1,X,X,X,X,28,X,X,X,X,11.2,X,X,X,X,47.2,X,X,X,X
52,322,Paper manufacturing,0,Canada,2,Urban,2,Incorporated,2019,1.6,2.3,1.4,1.4,1.7,1.7,1.9,4.7,1.3,1.2,6.9,5.6,11.5,5.6,7,0.6,0.7,0.8,0.6,0.5,4.4,4.1,8.2,3.6,4.2,10.1,8.7,7.4,9.6,13.9,87.6,71.3,233.2,72.6,67.3,22.4,24.2,50.8,16.6,18.9,101.9,99.6,174.2,84.3,97.4,26.9,30.6,25.5,29.5,24.5,9.6,10.2,9.8,8.7,9.9,49.5,48.7,47.9,47.8,51.6
53,323,Printing and related support activities,0,Canada,2,Urban,2,Incorporated,2019,1.4,1.6,1.6,1.3,1.3,1.4,2,1.3,2.1,1.2,6.2,4.2,5.7,4.7,8,0.6,0.7,0.6,0.7,0.5,3.1,4.7,3.5,4.9,2.2,14,18.3,13.9,13.3,13.4,82.2,109.5,79,138.6,61.6,13.9,11.7,12.7,15.9,13.9,78.9,96.6,70.4,113.7,68.1,33,35.4,30.6,31.6,34.2,6.8,5.2,6.8,6.6,7.2,65.2,63,52,71,68.3
54,323,Printing and related support activities,0,Canada,1,Rural,2,Incorporated,2019,2,X,X,X,X,2.2,X,X,X,X,13.8,X,X,X,X,0.7,X,X,X,X,5.9,X,X,X,X,11.3,X,X,X,X,110.3,X,X,X,X,40.9,X,X,X,X,82.3,X,X,X,X,22.7,X,X,X,X,13.6,X,X,X,X,71.5,X,X,X,X
55,324,Petroleum and coal product manufacturing,0,Canada,2,Urban,2,Incorporated,2019,1.4,1.6,0.6,2.3,1.7,2.2,2,46.5,0.9,2,11.2,11.3,1.8,25,11.3,0.7,0.7,1,0.5,0.7,4.3,3.7,60.8,2.9,4,9.6,7,11.2,8.4,11.2,129,99.3,3426.3,42.9,113,27.6,32,29.3,19,33.7,121.9,137.5,2433.5,68.6,89.5,21.8,34.3,20.9,18.9,19.6,9.5,11.7,1.3,10.5,12.2,78.4,44.4,58.3,47.8,121.2
56,324,Petroleum and coal product manufacturing,0,Canada,1,Rural,2,Incorporated,2019,X,X,X,X,X,X,X,X,X,X,X,X,X,X,X,X,X,X,X,X,X,X,X,X,X,X,X,X,X,X,X,X,X,X,X,X,X,X,X,X,X,X,X,X,X,X,X,X,X,X,X,X,X,X,X,X,X,X,X,X
57,325,Chemical manufacturing,0,Canada,1,Rural,2,Incorporated,2019,1.3,1.1,1,2.6,1.1,5.2,129.3,1.3,2.7,-11.3,1.6,11.6,7.6,-4.4,0.5,0.8,1,0.6,0.7,1.1,6.9,207.3,2.8,2.2,-16.7,6.1,6.4,6.9,4.9,6.5,224.8,7615.6,101.4,52.8,-564.9,4.8,1702.4,23.6,-18.5,10.7,231.4,4496.1,88.6,139.1,-382.9,26.4,23.6,36.8,30.1,20.9,2.1,14.3,11.6,-4.1,0.9,53,50.7,40.4,56.9,57.3
58,325,Chemical manufacturing,0,Canada,2,Urban,2,Incorporated,2019,1.5,1.2,1.8,2,1.3,1.2,1.9,1.1,0.8,1,-1.7,-10.1,1.4,9.2,9.1,0.5,0.7,0.5,0.4,0.5,1.9,1.3,2.3,1.9,2,6.2,6.1,5.4,6.1,6.9,63.5,74.9,62.7,45.1,71.2,-8.6,-81.3,1.8,12.8,12.5,69.8,82.1,82.3,69.4,57.4,36.2,40,36,40.1,32.2,-2.5,-25.8,2.7,8.1,6.9,57.7,56.7,52.2,55.2,62.7
59,326,Plastics and rubber products manufacturing,0,Canada,2,Urban,2,Incorporated,2019,1.4,1.6,1.8,1.9,1,1.7,1.6,1.4,1.4,2.1,8.6,4,10.7,10.4,9.3,0.6,0.6,0.6,0.6,0.7,3.4,3.6,3.4,3.6,3.2,7.9,8.1,7.5,8.1,7.8,104.5,95.1,93.8,75.7,130.3,19,12.8,17.2,23.6,18.9,74.6,91.9,50.7,63.8,86.7,28.1,27,29.6,27,28.6,8,6.6,8,11.1,6.9,53.4,51.7,54.7,52.3,54.1
60,326,Plastics and rubber products manufacturing,0,Canada,1,Rural,2,Incorporated,2019,1.6,2,2.7,2.7,0.9,1.5,0.8,1.6,0.8,2.6,6.8,16.5,4.8,10.7,4.5,0.6,0.4,0.6,0.4,0.7,3.3,2.6,3.5,2.6,4.4,7.2,6.6,5.9,7.2,8.2,77.7,47.1,57.7,39.4,151.8,17.5,19,18.6,18.8,14.3,103.8,82.2,90.2,55.7,180.1,29.5,28.7,28.5,33.8,27.3,8.2,11.2,9.1,11.6,5,61,52.5,71.1,69.8,53
61,327,Non-metallic mineral product manufacturing,0,Canada,2,Urban,2,Incorporated,2019,1.7,1.7,1.7,1.7,1.8,1.4,1.6,1.6,1.5,1.3,8.4,3.7,10.9,17.2,6.8,0.6,0.6,0.6,0.6,0.6,3,3.1,3.6,2.8,2.9,8.5,7,8.4,9.9,8.3,75.1,81.5,91,70.6,69.9,16.9,11.5,20.9,23,13.3,81.4,89.4,83.5,85.5,75.2,29.7,34,29.3,28.9,28.8,7.9,6,8.8,9.7,6.9,66.4,70.8,56.9,66.5,69.1
62,327,Non-metallic mineral product manufacturing,0,Canada,1,Rural,2,Incorporated,2019,2,1.5,2.2,2.3,1.8,0.9,0.9,0.5,1,1.4,10.5,10.3,11.7,9.5,10.8,0.5,0.5,0.3,0.5,0.6,2.4,2.2,1.6,2.3,3.4,9.1,6.4,13.6,8.7,9.3,48.8,56.2,30.7,43.6,69.4,17.1,16,12,19.1,21.3,73.3,84.2,42.6,84.5,89.2,31.8,39.7,33.5,33.2,26.9,9.8,9.5,8.9,10.5,10,54.3,49.2,59.6,62.5,47.7
63,331,Primary metal manufacturing,0,Canada,1,Rural,2,Incorporated,2019,1.1,X,X,X,X,6.1,X,X,X,X,-14.3,X,X,X,X,0.9,X,X,X,X,8.5,X,X,X,X,5.4,X,X,X,X,360.1,X,X,X,X,-72.8,X,X,X,X,316.1,X,X,X,X,8.9,X,X,X,X,-9.6,X,X,X,X,53.5,X,X,X,X
64,331,Primary metal manufacturing,0,Canada,2,Urban,2,Incorporated,2019,2.5,1.5,1.7,4.4,2.4,1.6,1.9,9,0.4,2.7,4.8,12.6,1.1,16.1,1.1,0.6,0.6,0.9,0.3,0.7,3.3,3.7,14.8,1.6,4.8,7.2,9.8,6.4,8.5,6.3,63.8,92,379.5,25.3,77.8,10.9,32.2,1.1,11.8,0.7,73,81.3,324.7,23,127.4,20.8,27.1,21.4,24.2,16,5.2,12.2,1.8,8.9,1.5,55.3,54.8,57,65,48.5
65,332,Fabricated metal product manufacturing,0,Canada,1,Rural,2,Incorporated,2019,1.7,1.5,2.1,1.8,1.6,1.4,1.7,0.7,1.1,2,10.1,7.7,11.7,11.9,9.3,0.6,0.6,0.4,0.5,0.7,3.3,4.1,2.3,2.8,4.5,5.8,7,5.9,4.6,6.4,86,105.4,48.1,76.8,122.8,24.6,23.8,17.8,22.2,33.7,69.3,97.5,54.8,63.2,78,25.5,28.8,28.2,25.1,23.4,11.6,10,11.2,11.4,12.5,66.1,67.4,71.8,56.1,69.8
66,332,Fabricated metal product manufacturing,0,Canada,2,Urban,2,Incorporated,2019,1.9,1.9,2.2,2,1.6,1.4,1.3,1.2,1.2,1.6,11.7,9.8,14.1,13.1,10.3,0.6,0.6,0.5,0.6,0.6,3.3,3.4,3.1,2.9,3.6,7.9,8,8.7,8,7.5,82.4,82.1,62.3,75.4,99.4,24.2,21.9,29.1,22.5,23.7,59,57.4,62.2,50.7,64.9,29,30.1,31.2,29.2,27.5,11.2,10.7,14.4,11,10.2,72.8,70.4,66.8,72.3,76.9
67,333,Machinery manufacturing,0,Canada,1,Rural,2,Incorporated,2019,1.7,2.5,2.2,1.8,1.2,1.1,0.7,1.1,1.4,1,12.1,9.1,13.4,8.4,14.9,0.5,0.4,0.5,0.6,0.5,2.4,1.8,3,2.8,2.2,4.7,3.9,4.9,3.8,6.1,69.6,40.6,60.8,89.3,76.2,23.5,14.9,29.3,17.1,28.6,51.4,50.2,67,76.5,32.7,27.6,27.5,31.7,25.7,26.8,12.5,9.7,15.2,8,15.3,57.8,66.1,52.6,65.5,52.2
68,333,Machinery manufacturing,0,Canada,2,Urban,2,Incorporated,2019,1.8,2.2,1.9,1.8,1.7,1.6,1.3,1.4,1.4,1.8,7.5,9.5,7.7,7.9,6.6,0.6,0.6,0.6,0.6,0.6,3,2.8,3.1,2.8,3.1,5.2,6.2,5.5,5.4,4.8,93.3,71.8,90,89.9,106.1,15.5,17.5,17.6,13.8,14.8,63.4,48.8,57.6,62.9,72.5,29.8,33.5,31.9,28.2,28.6,7,8.5,8.4,6.5,6.2,73.3,64.9,71.7,69.8,79.4
69,334,Computer and electronic product manufacturing,0,Canada,2,Urban,2,Incorporated,2019,1.8,1.6,2.2,1.6,2,1.2,1.8,1,1.2,1,3.5,-0.6,-13.8,6.7,12.8,0.5,0.6,0.5,0.5,0.5,2,2,2,2,2,5.5,4.2,5.6,6.2,5.7,70.1,97.4,59.9,76.1,60.6,5.5,-7.8,-23.4,11.5,20.3,53.7,31.5,54.9,44.5,67.8,41.6,45.4,39.5,38.5,43.4,3.6,-1,-10.9,6.3,10.8,71.8,73.4,68.4,77.3,69
70,334,Computer and electronic product manufacturing,0,Canada,1,Rural,2,Incorporated,2019,X,X,X,X,X,X,X,X,X,X,X,X,X,X,X,X,X,X,X,X,X,X,X,X,X,X,X,X,X,X,X,X,X,X,X,X,X,X,X,X,X,X,X,X,X,X,X,X,X,X,X,X,X,X,X,X,X,X,X,X
71,335,"Electrical equipment, appliance and component manufacturing",0,Canada,1,Rural,2,Incorporated,2019,1.6,X,X,X,X,1.6,X,X,X,X,7.9,X,X,X,X,0.6,X,X,X,X,3,X,X,X,X,3.8,X,X,X,X,94.5,X,X,X,X,30.3,X,X,X,X,86.1,X,X,X,X,35,X,X,X,X,13.3,X,X,X,X,63.5,X,X,X,X
72,335,"Electrical equipment, appliance and component manufacturing",0,Canada,2,Urban,2,Incorporated,2019,1.9,1.3,2,2,2.1,1.8,2.9,1,3,1.5,4.7,13.6,5.2,1.3,6.2,0.6,0.7,0.5,0.7,0.6,3.5,6,2.5,4.8,3,5.6,5.9,5.3,7,5.1,93.3,210.8,69.2,124.2,73.2,14.8,44.8,7.8,2.5,18.8,65.3,65.3,52,99.8,58.5,35.2,37.2,33.1,36.9,34.3,6.8,12.5,4.8,2.7,9,66.3,53.8,69.3,81.1,59
73,336,Transportation equipment manufacturing,0,Canada,2,Urban,2,Incorporated,2019,1.6,1.6,1.7,1.5,1.5,1.7,1.6,1.7,1.8,1.5,5.2,6.1,6.9,2.7,5.7,0.6,0.6,0.6,0.6,0.6,3.5,3.6,3.8,3.6,3.3,5.1,5.9,5.4,4.6,5.1,112.5,107.6,112.2,122,108.2,14,19.6,19.6,5.6,15.1,58.7,65.7,61,56.8,56.6,26.9,32.7,33,20.1,26.6,6.5,9.1,8.4,3.1,7.2,58.4,58.7,62.3,59.5,55.6
74,336,Transportation equipment manufacturing,0,Canada,1,Rural,2,Incorporated,2019,1.8,1.5,1.9,1.3,2.6,1.8,4.8,1.5,1.9,1.2,7.3,3.7,9.5,0.3,35.7,0.6,0.8,0.6,0.7,0.6,3.9,9.2,3.5,3.3,3.8,4.7,3.9,4.2,4.5,5.6,92.2,279,75.1,102.9,62.4,18,11.5,25,-3.1,33.4,97.4,142.7,94.1,141,55,22.3,21.5,23.1,17.6,25.8,7.6,2.7,11,0.6,15.4,39.7,37,34,42.3,41.6
75,337,Furniture and related product manufacturing,0,Canada,1,Rural,2,Incorporated,2019,1.6,1,1.7,1.7,1.7,1.9,4.5,1.3,2.2,1.6,4.9,4.4,6.9,5.6,3.2,0.7,0.8,0.6,0.7,0.6,5.2,9.3,4.6,6.2,4.2,7.8,8.6,9.3,7.6,7.2,119.2,261.3,86.4,124.2,106.4,14.5,32.6,15.5,26.1,5.1,93.6,229.8,75.3,99.4,74.9,23.9,25.9,24.2,24.4,22.7,6.2,7.7,7.7,9.9,2.8,62.2,42.8,54.8,61.8,73.9
76,337,Furniture and related product manufacturing,0,Canada,2,Urban,2,Incorporated,2019,1.7,1.7,1.4,1.8,1.7,2.1,2.5,2.6,1.4,2.3,8.9,8.2,9.6,11.5,7.8,0.7,0.7,0.7,0.6,0.7,5.5,6.3,6.4,4.1,6.3,8.6,9.8,9.1,7.7,8.6,128.2,143.4,168.4,97.5,134,30.1,30.2,32.1,22.2,36.8,69.5,72.7,74.7,53.4,81.6,28.6,29.3,28.2,29.8,27.8,11.1,9.7,9.9,10.2,12.8,58.2,55.7,60.6,58.1,58.2
77,339,Miscellaneous manufacturing,0,Canada,1,Rural,2,Incorporated,2019,1.6,1.8,2,1.2,1.5,1.6,1.1,1.1,2.2,2.2,6.6,3.7,8.4,1.9,25.8,0.6,0.5,0.5,0.7,0.7,3.4,2.7,2.5,5,3.9,4,5.7,4.2,5.2,3.1,116.8,63.8,64.6,153.5,176.6,19,8.2,23.7,8.3,27.8,65,73.8,58.3,108.5,42.4,29.7,19.7,33.3,22.7,36.9,8.5,5.4,13,5.3,9.1,65.4,54.3,61.5,39.5,89.4
78,339,Miscellaneous manufacturing,0,Canada,2,Urban,2,Incorporated,2019,1.7,1.7,2,1.7,1.6,1.7,1.7,1.7,1.6,1.7,7.6,9.9,6.2,12.9,5.1,0.6,0.6,0.6,0.6,0.6,3.5,4.4,4,3,3.5,6.5,8.2,6.3,7.2,5.8,96.1,110.4,88.2,74.4,111.3,18,32.1,13.8,22.2,12.7,57.4,64.4,58.4,44.2,64.7,34,33.8,32.1,36.8,33.2,7.7,13.1,6.1,9.3,5.8,56.2,55.5,59,54.6,56.2
79,41,Wholesale trade,0,Canada,1,Rural,2,Incorporated,2019,1.7,2.1,1.7,1.7,1.7,1.2,0.9,1.4,1,1.4,6.1,10.6,6.8,9.8,2.9,0.5,0.5,0.6,0.5,0.6,4,3.5,4.3,3.5,4.5,5.4,5.9,4.7,6.2,5.1,86.1,62.6,94.8,72.9,103.6,11.4,16.9,15.5,12.8,5.7,47.1,44.8,60.7,40,47.4,20.8,24.9,24.6,20.1,18,6.1,9.9,7.4,7.1,3.5,36.2,37.7,33.4,37.3,36.2
80,41,Wholesale trade,0,Canada,2,Urban,2,Incorporated,2019,1.7,1.8,1.8,1.7,1.7,1.4,1.4,1.2,1.5,1.5,9.7,10.6,10.2,9.4,9.5,0.6,0.6,0.5,0.6,0.6,4.2,4,3.6,4.4,4.5,6.5,6.4,6.1,6.4,6.7,101.3,97.7,88.6,106.4,107,16.9,17.4,15,17.1,17.6,34.2,35.9,28.2,36.5,35.7,26,28.4,27.3,26.4,24.3,7.8,8,7.5,7.8,7.9,50.6,48.1,50.2,49.4,52.5
81,411,Farm product merchant wholesalers,0,Canada,1,Rural,2,Incorporated,2019,1.1,1.5,1,1.5,0.9,2,0.9,1.5,1.8,4,-9.5,0.5,-4.5,-43.9,-8,0.7,0.5,0.6,0.6,0.8,6.6,3.8,3.2,10.9,11.9,8.3,9.3,4,17.8,9.1,152.3,73.9,119.4,104.9,313.9,-58.4,-1.3,-27.3,-154.9,-97.9,108.1,63,89.6,86.6,196.3,29.1,35.8,45.9,28.2,20.9,-17.7,0.7,-8.9,-54.3,-17.5,23.5,50.2,18.3,17.9,20.5
82,411,Farm product merchant wholesalers,0,Canada,2,Urban,2,Incorporated,2019,1.4,1.9,2.2,1.4,1.1,1.6,1.3,1.5,1.6,1.6,-11.3,-25.8,-42,-13.6,-7.9,0.6,0.6,0.6,0.6,0.6,5.3,9,6.4,5,4.4,11.1,20.8,15.8,9.5,9.4,115,88.1,84.6,122.3,124.8,-45.5,-53.1,-55,-27.3,-52.2,42.5,38,45.3,51.3,37,31.1,23.3,29.8,27.3,37,-16.2,-22,-21.2,-9.8,-17.6,43,24.5,37.4,41,53.2
83,412,Petroleum and petroleum products merchant wholesalers,0,Canada,2,Urban,2,Incorporated,2019,1.4,2.2,1.7,1.4,1.2,2.2,0.8,0.9,1.4,4.2,8.6,11.5,23.4,8.8,5.7,0.7,0.4,0.5,0.6,0.8,4.3,2.4,5.6,5.2,4.6,28.1,16.7,45,34.2,26.1,128.9,58.5,76.6,90.8,224.9,18.1,14.5,23.1,23.1,15.3,53.1,26.7,31.8,87.5,58.3,20.9,22.1,13,22.7,23.3,6.4,9,12.5,11,3.6,76.7,70.4,34.8,50,120.4
84,412,Petroleum and petroleum products merchant wholesalers,0,Canada,1,Rural,2,Incorporated,2019,1.6,1.1,1.9,1.2,2.4,1.4,2.2,0.6,2.1,1.3,5.4,4.6,11.2,3.3,9.1,0.6,0.7,0.4,0.7,0.6,7.8,8.3,5.2,9.3,9.2,32.2,17.9,36.5,40,35.9,87.1,130.3,47.1,141.3,69.1,16.8,23.6,17,18.6,12.4,84.7,169.4,44,121.2,62.6,13.8,20.9,12.6,14.7,11,8.7,9.6,11.4,8.8,6.1,34.9,33.4,39.1,39,29.9
85,413,"Food, beverage and tobacco merchant wholesalers",0,Canada,2,Urban,2,Incorporated,2019,1.6,2,1.5,1.4,1.7,1.8,1.5,1.9,1.9,1.8,6.9,12.3,6.5,4.9,8.7,0.6,0.6,0.7,0.7,0.6,6.9,6.4,6.9,5.8,8.1,10.4,11.9,8.8,9.7,11.4,128.2,92.3,141,135.8,130,17.4,18,19.2,14.8,18.5,45.4,37.7,57.5,47.2,40.3,19.1,21,19.7,21,17,7.2,7.8,7.7,6.4,7.6,38.5,36.2,40.3,40,37.5
86,413,"Food, beverage and tobacco merchant wholesalers",0,Canada,1,Rural,2,Incorporated,2019,2.1,1.9,1.5,2.6,2.2,0.7,1,1.5,0.5,0.7,6.6,0.8,8.1,9.4,8.9,0.4,0.5,0.6,0.3,0.4,3.4,5.1,6.9,2.4,3.1,15.4,24.4,14.2,31.1,10.6,48.7,57.7,95,29,53.9,5.1,-0.4,12.7,3.4,6.2,42.1,67.2,65.8,28.7,43,15.5,17.6,17.7,15.3,13.7,3.5,1.1,5.7,2.6,4.2,31.5,28,29.5,28.4,35.9
87,414,Personal and household goods merchant wholesalers,0,Canada,1,Rural,2,Incorporated,2019,1.7,X,X,X,X,2.1,X,X,X,X,4.7,X,X,X,X,0.7,X,X,X,X,5.2,X,X,X,X,5,X,X,X,X,130.9,X,X,X,X,27.8,X,X,X,X,79.1,X,X,X,X,28.2,X,X,X,X,11.3,X,X,X,X,59.2,X,X,X,X
88,414,Personal and household goods merchant wholesalers,0,Canada,2,Urban,2,Incorporated,2019,1.8,1.8,1.9,1.8,1.6,1.7,1.6,1.5,1.6,1.9,8.2,5.8,8.8,10,7.8,0.6,0.6,0.6,0.6,0.7,4.3,3.8,4.1,4.3,4.6,4.8,4.3,4.4,5,5.2,125.7,115.8,111.1,121.2,141,16.6,11.1,15.9,20.2,17,29.4,22.6,18.3,27,40.1,32.4,31.8,32,34.3,31.6,7,5.1,7.1,8.7,6.7,56.4,56.4,49.8,53.1,61.8
89,415,Motor vehicle and motor vehicle parts and accessories merchant wholesalers,0,Canada,2,Urban,2,Incorporated,2019,1.9,2.4,2,1.5,2,1.2,1,0.9,1.7,1.1,7.7,13.4,8.4,6.7,7.1,0.5,0.5,0.5,0.6,0.5,4.3,4.6,3.2,6.2,4.1,5.8,5.8,5.3,5.9,5.9,78.9,67.8,60.3,139.4,67,13.5,16.9,9.2,16.7,13.8,35.3,22,32.9,26.6,45,19.3,22.9,21.1,19,17.4,7.2,9.2,5.5,7.4,7.5,31.9,26.3,30.6,36.6,31.3
90,415,Motor vehicle and motor vehicle parts and accessories merchant wholesalers,0,Canada,1,Rural,2,Incorporated,2019,2.1,2.7,3.2,1.8,2,0.8,0.5,0.6,0.9,1,7.9,36.6,16.4,8.9,2.4,0.5,0.3,0.4,0.5,0.5,3.6,3.2,3.5,4.3,3.4,5.1,6.4,6.3,5.6,4.2,64.8,40.7,38.3,69.2,82.7,10.6,13.9,20.6,15.4,2.7,29.4,23.3,20.3,47.7,26.6,19.6,23.2,20.7,18.7,18.5,6.7,9.8,14.1,9,2.2,34.8,45.8,20.6,23.9,44.4
91,416,Building material and supplies merchant wholesalers,0,Canada,1,Rural,2,Incorporated,2019,1.7,2.3,1.6,2.2,1.4,1.1,1.2,1.2,1.3,0.9,6.4,7.3,8.8,8.2,4.7,0.5,0.5,0.6,0.6,0.5,2.9,3.5,3,4,2.3,7,5.3,8.2,6.3,7.9,62.2,58.5,64.3,81.5,54.6,17,20.8,19.5,24.4,12.1,45.7,73.2,75.4,41.1,29.1,23.4,28.7,25.4,25.5,19,9.6,11.2,9.8,12.2,7.9,48.5,49.4,43.5,61.3,41.7
92,416,Building material and supplies merchant wholesalers,0,Canada,2,Urban,2,Incorporated,2019,1.8,1.9,1.7,1.8,1.8,1.5,1.3,1.7,1.5,1.7,13.1,18.4,15.1,11.9,11.6,0.6,0.6,0.6,0.6,0.6,4.4,4.1,4.3,4.2,4.8,5.6,5.6,5.5,5.7,5.7,110.8,99.7,127.1,106.1,110.4,23.4,27,23,20.4,24.3,28.2,21.7,30.5,26.7,30.9,26.8,30.5,27.1,26.4,25.6,10,12.5,9.3,9.1,10,55,54.7,57,54.7,54.4
93,417,"Machinery, equipment and supplies merchant wholesalers",0,Canada,2,Urban,2,Incorporated,2019,1.7,1.7,1.8,1.7,1.7,1.3,1.4,1.3,1.4,1.2,10.6,7.7,11,10,12,0.6,0.6,0.6,0.6,0.5,3.6,3.4,3.5,3.7,3.6,5.5,5.8,5.2,5.4,5.6,96.7,99.9,94.3,101.9,93.3,16.1,12.9,15.7,15.1,18.1,33,33.9,30.7,42.3,27.7,28.3,31.3,30.8,29.5,25.3,7.8,6.3,7.6,7.1,8.9,55.3,54.4,55.6,56,54.9
94,417,"Machinery, equipment and supplies merchant wholesalers",0,Canada,1,Rural,2,Incorporated,2019,1.8,2.2,1.8,1.6,1.8,1.5,0.8,1.6,1.4,1.9,9.8,19.4,9.4,12.3,6.8,0.6,0.4,0.6,0.6,0.7,3.7,2.9,3.5,3.2,4.7,2.8,3.4,2.6,2.8,2.6,110.1,63.1,111.1,106.4,140.2,20.1,21.6,20.4,20.1,19.1,34.8,23.2,53,30.9,33.6,22.4,22.4,28.2,22.3,19.8,9,12.6,9,9.1,7.7,32.8,36.3,32.1,34.9,30.5
95,418,Miscellaneous merchant wholesalers,0,Canada,1,Rural,2,Incorporated,2019,1.7,1.9,2.3,1.7,1.4,1.5,1.1,1.3,1.2,2.1,9.2,12.2,10.7,10.7,6.4,0.6,0.5,0.6,0.6,0.7,5.1,3.8,4.4,4.4,7,7.9,7.8,7.6,7.1,8.8,96.6,73.9,66.3,81.9,149.8,19.3,19.7,22.9,17.8,18,66.6,62,64.3,66.1,71.9,20.5,24.4,26.8,22.1,15,8.8,10.4,11.1,8.8,6.8,43.3,41.8,41.3,42.4,45.5
96,418,Miscellaneous merchant wholesalers,0,Canada,2,Urban,2,Incorporated,2019,1.8,1.6,2,1.9,1.7,1.3,1.3,1.3,1.3,1.4,11.6,12.2,11.8,13,10.4,0.6,0.6,0.6,0.6,0.6,4.2,3.3,4.3,4.5,4.5,8.3,8,7.7,8.9,8.5,90.5,84.7,88,85.1,98.1,19.6,18.7,22.9,20.5,17.7,48.9,69.3,39,44.1,46.9,25,26.3,27.4,23.3,24.4,9.2,8.9,10.9,9.7,8.2,48.2,42.5,47.5,49,50
97,419,"Business-to-business electronic markets, and agents and brokers",0,Canada,1,Rural,2,Incorporated,2019,1.5,2.5,2.3,0.9,2.6,1.1,0.4,0.5,2.8,0.8,4.4,34.4,35.9,5.8,-11,0.5,0.3,0.3,0.7,0.5,4.3,2.3,5.2,5.3,4.8,11.3,10.5,13.8,27.7,7.9,89.6,34.3,41.8,253.8,58.1,5.4,30.8,16.2,12.7,-24.4,44.7,23.9,31.9,139.5,10.9,23.2,36.7,22.3,10.6,25.3,3.4,22.6,11,4,-12.3,44.6,20.2,31.4,63.9,47.9
98,419,"Business-to-business electronic markets, and agents and brokers",0,Canada,2,Urban,2,Incorporated,2019,1.8,1.8,2.1,1.8,1.8,0.9,1.4,0.4,1.7,1.2,17.8,24,11.5,18.9,20.9,0.5,0.6,0.3,0.6,0.6,2.7,4,1,4.9,4.1,13.4,15.5,15.5,10.5,14.3,65.2,90.5,21.1,132.2,102.6,15.3,26.9,6.1,30.8,19.9,15.7,27.3,7.5,19.8,24.8,25.3,30.4,28.5,22.7,23.9,8.6,11.5,4.9,12.2,9.4,60.6,47,54.5,48.8,76.3
99,44-45,Retail trade,0,Canada,1,Rural,2,Incorporated,2019,1.5,1.6,1.5,1.5,1.4,1.6,1.2,1.5,1.8,1.8,5.6,6,5.7,5.2,5.6,0.6,0.5,0.6,0.6,0.6,6.4,4.7,5.5,6.9,7.7,5.6,6.6,5.7,5.2,5.4,117.6,74.8,100.8,130,144.3,15.3,13.4,15.8,16.1,15.6,62.5,69,67.7,65.2,53.4,20.5,22.2,22.3,21.1,18.7,7.1,7.3,7.8,7.1,6.7,13.1,14.7,13.8,14.1,11.7
100,44-45,Retail trade,0,Canada,2,Urban,2,Incorporated,2019,1.5,1.7,1.6,1.5,1.5,2.2,1.9,2,2.3,2.6,5.3,6.7,5.2,4.7,5.1,0.7,0.7,0.7,0.7,0.7,8.7,6.5,7.3,8.9,11,6.2,6.6,6.4,6,6,149.9,109,127.8,153.3,187.1,18.3,21.3,15.9,16.9,19.3,64.7,75.2,66.9,63.4,58.1,24.1,27,25.4,24,22.4,7,8.8,6.6,6.6,6.7,13.2,15.2,16,13.2,11.2
101,441,Motor vehicle and parts dealers,0,Canada,1,Rural,2,Incorporated,2019,1.3,1.4,1.4,1.3,1.3,2.4,1.9,2.2,2.4,2.9,3.2,3.1,2.9,3,3.6,0.7,0.7,0.7,0.7,0.7,7.1,4.7,6.5,7.4,8.7,3.3,2.7,3.2,3.4,3.5,206.4,158.6,181.1,209.2,253,9.6,9.5,7.7,8.9,11.4,46.2,47.8,41.1,43.7,50.8,13.8,19,14.5,12.9,12.3,4.1,4.8,3.7,3.9,4,11.2,15.5,12.2,11,9.3
102,441,Motor vehicle and parts dealers,0,Canada,2,Urban,2,Incorporated,2019,1.4,1.6,1.5,1.4,1.4,2.6,2.5,2.4,2.7,2.8,2.4,3.5,2.1,1.7,2.6,0.7,0.7,0.7,0.7,0.7,8.2,6.9,7.2,8.5,9.3,3.9,3.6,3.9,3.8,4,200.1,170.6,172.3,205.8,227.1,8.1,15.1,6.2,4.3,9.1,47.6,53.3,42.5,45.9,49.6,14.8,19.4,15.9,14.1,13.2,3.9,6,3.6,3,3.8,11,16.6,11.4,9.4,10
103,442,Furniture and home furnishings stores,0,Canada,2,Urban,2,Incorporated,2019,1.7,1.8,1.9,1.5,1.6,1.5,1.4,1.3,1.7,1.7,11.3,14.9,6.7,7.4,16.7,0.6,0.6,0.6,0.6,0.6,4.9,5.1,3.9,4.5,5.8,5.3,5.3,5.4,4.9,5.5,109.1,102.3,84.1,111.2,129.1,15,22.6,9.7,8,21.3,34.6,30.8,38.4,37.8,30.8,35.9,35,33.8,34,38.5,6.5,10.2,4.9,3.5,8.5,27.1,24.9,29.2,28.7,26.1
104,442,Furniture and home furnishings stores,0,Canada,1,Rural,2,Incorporated,2019,1.9,2.2,2,2,1.7,0.8,0.9,0.9,0.4,1.2,20.2,59.2,17.4,80.7,12.7,0.4,0.5,0.5,0.3,0.5,3.3,6,2.8,2.3,3.9,5.3,7.8,5.5,4.5,5,58.9,74,52.3,40.2,82.5,23.1,55.1,26.5,9.1,27,47.4,22,31.7,54,60.3,38.4,36.1,41.8,35.6,39.7,13.4,29.9,15,6.4,13.2,13.6,10.2,22,7.3,14.9
105,443,Electronics and appliance stores,0,Canada,2,Urban,2,Incorporated,2019,1.6,2.4,1.8,1.2,1.9,1.7,1,1.1,3.8,1.5,20.4,11.8,34.5,47.5,12.6,0.6,0.5,0.5,0.8,0.6,6.3,5.2,4.4,9.8,6.8,6.8,7,7.6,8.3,5.8,131.6,65.6,94.1,329.6,109.2,21.7,25,18.3,48.1,11.2,34.7,31.4,16.1,58.8,40.1,28.9,32.5,26.8,33.8,25.6,8.6,13.9,9.1,10.3,4.8,29.4,17,39.1,43.3,20.9
106,443,Electronics and appliance stores,0,Canada,1,Rural,2,Incorporated,2019,2.8,X,X,X,X,0.5,X,X,X,X,14.5,X,X,X,X,0.3,X,X,X,X,3.5,X,X,X,X,6.3,X,X,X,X,36.4,X,X,X,X,17.1,X,X,X,X,13.1,X,X,X,X,25,X,X,X,X,12.6,X,X,X,X,25.2,X,X,X,X
107,444,Building material and garden equipment and supplies dealers,0,Canada,1,Rural,2,Incorporated,2019,1.7,2,1.9,1.7,1.5,1.1,0.9,1,1.3,1.3,7.7,5.4,7.7,9.6,7.5,0.5,0.5,0.5,0.6,0.6,3.5,2.7,3.1,3.4,4.2,4.3,4,4,4.1,4.9,81.9,58.7,67.3,93.5,95.6,13.5,7.7,12.4,16.3,15.5,43.9,47.9,45.3,42.9,41.3,27.1,28.7,26.8,28,26,7.2,5,7.3,8,7.7,35.1,32.6,32.9,40.3,33.9
108,444,Building material and garden equipment and supplies dealers,0,Canada,2,Urban,2,Incorporated,2019,1.7,1.6,1.8,1.8,1.5,1.5,1.5,1.5,1.3,1.6,7.3,11.5,9.8,4.6,8.2,0.6,0.6,0.6,0.6,0.6,4.5,4.5,4.8,3.7,5,5.2,5,5.5,5.1,5.2,104.3,102.9,101.1,84.3,123.9,18.3,22,21.5,13.6,19.3,43,50.6,42.7,44.2,38.8,29.2,33.5,29.3,27.2,28.8,8.6,9.7,9.8,7.7,8.4,38.6,27.9,40.7,42.6,39
109,445,Food and beverage stores,0,Canada,2,Urban,2,Incorporated,2019,1.4,1.5,1.3,1.5,1.4,2.4,1.8,1.9,2.7,3.1,7.6,8.4,9,8.5,5.7,0.7,0.6,0.7,0.7,0.8,16.5,10.5,11.4,17.8,25.5,19.4,16.8,17.3,18.6,22.6,133.4,100.3,117.2,143.6,167.1,29,27.3,27.4,32.9,27.9,113.5,113.2,97.4,110.1,134.6,23,24.5,25.1,24.7,20.3,9.7,11,10.6,10,8.2,3.8,4.5,4.3,4.6,2.8
110,445,Food and beverage stores,0,Canada,1,Rural,2,Incorporated,2019,1.5,1.6,1.4,1.5,1.5,1.4,1.4,1,1.8,1.5,7.1,6,8.8,5.4,7.9,0.6,0.6,0.5,0.6,0.6,11.3,8.6,7.5,14.4,14.1,19.1,15.2,15.6,20.8,22.2,76.8,80.1,61.6,92.9,77.5,22.1,19.3,18.9,18.2,29.1,90.9,93.1,73.3,104.2,96.2,23.1,21.8,23.7,22.8,23.5,10.6,9.5,10.4,8.1,13.3,4,6.3,4.4,4.1,2.9
111,446,Health and personal care stores,0,Canada,1,Rural,2,Incorporated,2019,1.5,1.4,1.7,1.6,1.5,1.7,1.1,1.3,1.8,3.1,7.2,10,6.9,7.5,5.5,0.6,0.5,0.6,0.6,0.8,6.3,3.6,5.3,5.7,12.5,7.2,8.2,7.4,6.9,6.9,93.4,62.9,70.6,85.5,180.3,24.7,21.8,20.8,27.2,30.6,103.9,81.4,111.1,119.7,106.5,30.4,32.4,30.5,30.2,29.6,10.6,11.6,10.4,11.2,9.2,14.7,15.5,15.5,14.8,14
112,446,Health and personal care stores,0,Canada,2,Urban,2,Incorporated,2019,1.8,1.6,1.7,2,1.9,2.9,1.9,2.9,3.2,4.3,5.9,6.8,6,6.9,4.7,0.7,0.7,0.7,0.8,0.8,13.5,5.8,11.5,17.1,23.6,7.4,8.4,7,6.9,7.6,158.3,92.9,164.4,175.7,234.5,25.9,22.8,25.2,29,28.5,72.1,105.4,74.7,38.8,50.9,28.7,32.4,30.2,27.6,27.2,7.9,9.2,7.8,8.2,6.8,13.3,16.3,13.6,11.7,13.3
113,447,Gasoline stations,0,Canada,2,Urban,2,Incorporated,2019,1.5,1.4,1.7,1.5,1.6,2.6,3.6,3,2.5,2,3,2.1,2.2,3.4,4.3,0.7,0.8,0.8,0.7,0.7,14.5,17.7,13.7,13.8,14.2,32.6,29.7,32.1,32.9,34.2,78.8,106.4,74.7,76.6,73,15,10.6,15.1,14.9,16.6,201.9,289.9,251.7,202.4,145.7,13.2,13.3,12.6,13.2,13.5,6.3,4.4,6.8,6,7.1,2.6,2.3,2,3.3,2.6
114,447,Gasoline stations,0,Canada,1,Rural,2,Incorporated,2019,1.8,1.4,1.8,1.8,1.9,1.5,2.2,1.4,1.3,1.3,5,4.4,5.5,5.5,4.8,0.6,0.7,0.6,0.6,0.6,9.3,11.3,10.3,8.7,8.5,28.7,26.3,31.6,30.3,27.6,51.3,72.7,51.6,44.4,48.1,14,17.9,16.2,15.1,11,125.1,188.8,122,122.2,105.7,12.9,12.5,12.8,13.8,12.4,7.1,7.3,8.2,8,5.9,6.1,5.2,5.4,5.5,7.4
115,448,Clothing and clothing accessories stores,0,Canada,1,Rural,2,Incorporated,2019,1.2,X,X,X,X,3.2,X,X,X,X,51.2,X,X,X,X,0.8,X,X,X,X,3.9,X,X,X,X,2.4,X,X,X,X,241.1,X,X,X,X,37.1,X,X,X,X,102.2,X,X,X,X,49.8,X,X,X,X,9.1,X,X,X,X,5.6,X,X,X,X
116,448,Clothing and clothing accessories stores,0,Canada,2,Urban,2,Incorporated,2019,1.6,2.4,1.5,1.5,1.5,1.9,0.8,4.1,1.8,2.1,8.8,9.9,6.5,9,9.6,0.7,0.5,0.8,0.6,0.7,5.2,3,9.5,4.5,6.2,3.7,3.8,3.4,3.4,4.2,135.5,54.1,270.3,133.1,158.1,16.8,9.1,25.1,18.8,18.5,45.9,24.9,76.4,45,53.2,43.4,38,40.6,47,44.5,6.6,5.5,5.8,7.6,6.6,13.9,8.7,11.5,12.7,17.9
117,451,"Sporting goods, hobby, book and music stores",0,Canada,2,Urban,2,Incorporated,2019,1.7,2,2,1.6,1.5,1.4,1.2,1.4,1.5,1.3,12.4,15.3,6.2,12.4,15.1,0.6,0.6,0.6,0.6,0.6,4.3,4.2,4.5,4.3,4.1,3.7,3.2,3.4,4,3.8,102.5,93.9,92.4,101.2,110.8,15.3,18.2,9.4,13.4,18,30.4,20.9,27.7,41,28.7,36.2,34.4,34.7,35,38.3,7.1,8.7,4.7,5.9,8.3,11.4,10.2,18.6,9.6,9.7
118,451,"Sporting goods, hobby, book and music stores",0,Canada,1,Rural,2,Incorporated,2019,2.8,X,X,X,X,0.8,X,X,X,X,18.5,X,X,X,X,0.4,X,X,X,X,3,X,X,X,X,2.7,X,X,X,X,51.3,X,X,X,X,16.5,X,X,X,X,28.5,X,X,X,X,33.3,X,X,X,X,9.9,X,X,X,X,9.2,X,X,X,X
119,452,General merchandise stores,0,Canada,2,Urban,2,Incorporated,2019,1.2,1.2,1.2,1.2,1.3,2.4,2.1,1.6,3.1,2.5,5.2,5.5,8.1,3.8,4.9,0.7,0.7,0.6,0.8,0.7,8.4,9.8,7.4,10.7,7.4,3.9,7.2,6.2,3.7,2.9,219.6,181.3,148.7,290.2,231.3,24.1,27.2,30.2,20.4,22,50.4,74.9,40.6,55.7,45.9,26.3,27.9,27.5,24,26.7,8.8,10.6,13.1,6.8,7.9,9.4,13.6,8.4,9.2,8.6
120,452,General merchandise stores,0,Canada,1,Rural,2,Incorporated,2019,1.4,1.5,1.2,1.2,1.6,1.4,1,2.1,2.2,1,5.6,4.9,4.7,4.1,8.1,0.6,0.5,0.7,0.7,0.5,4.8,4.4,6.3,6.5,3.9,3.7,5.9,3.5,3.3,3.6,125,82.3,193.6,195.1,88.5,17.7,13.5,20.9,19.7,17.3,44.6,49.1,49.6,60.5,34.9,24.4,24.4,24.7,24.7,24.1,8.9,8.2,8.6,8.2,9.8,16.4,18.4,14.7,11.8,19.5
121,453,Miscellaneous store retailers,0,Canada,2,Urban,2,Incorporated,2019,1.8,1.6,2.4,1.8,1.7,1.7,2.2,0.9,2.5,1.8,10.7,8.1,13.8,6.9,15,0.6,0.7,0.5,0.7,0.6,5.6,7.2,3.3,7.3,6.3,6.5,5.8,7.3,6.5,6.4,96.5,162.3,50.3,131.6,98.1,29.8,41.5,16.8,29.4,38.1,64,43.2,38.2,68.7,92.7,35.4,36.8,35.1,32.9,36.7,12.2,14.6,9.7,9.9,14.4,17.4,15.3,23.1,27.3,9.1
122,453,Miscellaneous store retailers,0,Canada,1,Rural,2,Incorporated,2019,1.9,1.7,3.3,2,1.5,1.3,1.5,0.6,1.4,1.7,3.6,-2.1,20.2,13.1,4.2,0.6,0.6,0.4,0.6,0.6,3.4,1.8,2.3,4.7,5.4,4.8,2.1,4.2,5.3,9.9,68.2,67.3,36,95.2,84.9,9.6,-19.8,25.7,26.8,14.2,83.8,96.6,40.3,54.3,138.2,33.2,50.2,34,32.6,26.3,5.8,-5.3,16.6,11.9,6.9,30.3,29.6,22.8,54.2,18.7
123,454,Non-store retailers,0,Canada,2,Urban,2,Incorporated,2019,1.3,2.3,1.4,1.2,1.1,3.1,2.6,2.9,5.5,2.6,12.6,24.9,5.4,17,12.8,0.8,0.7,0.7,0.8,0.7,9.8,6.5,7.9,16,10.2,10.3,5.4,12.2,10.9,13.2,213,119.4,192.1,375.5,208.2,32,25.8,16.8,67.3,29.3,96.6,48.8,89.9,145.5,106.3,34.9,33.9,37.6,35.7,33.4,8.4,7.6,5.3,11,8.9,30.5,32.1,51.8,29.3,20.9
124,454,Non-store retailers,0,Canada,1,Rural,2,Incorporated,2019,2.2,2.2,3.3,1.8,2,0.6,0.5,0.8,0.8,0.6,13.5,17.4,15.6,14.5,9.6,0.4,0.3,0.4,0.5,0.4,4.8,2.8,6.1,6.6,4.8,26.6,18.1,30.6,62.8,21.1,44.3,36.9,41.3,55.8,45.1,16.8,12,32.1,23.3,10.7,46.3,54.2,35.1,79.2,29.3,19.3,34.7,22.1,15.1,14.4,11.1,8.4,18.9,13.6,7.6,32.1,27,28.9,37.3,32.5
125,48-49,Transportation and warehousing,0,Canada,1,Rural,2,Incorporated,2019,1.1,1.2,0.9,1.2,1.2,1.7,1.8,1.8,1.4,1.8,12,14.7,11.2,14.9,9.6,0.6,0.6,0.6,0.6,0.6,4,4.2,3.6,3.6,4.6,39.9,47.2,42.3,65.8,29.8,86.8,90.1,94.1,69.8,95,47.7,62.3,50.5,49.4,38.7,144.7,144.8,158.5,132.7,146.2,63.5,69.6,68.6,65.1,57.6,19.3,24.2,19.8,21.9,15.3,45.1,44.8,43.6,46,45.2
126,48-49,Transportation and warehousing,0,Canada,2,Urban,2,Incorporated,2019,1.2,1.3,1.3,1.3,1.1,2.4,2,2.4,1.7,3.1,8.4,12.5,10.1,13.4,5.5,0.7,0.7,0.7,0.6,0.8,4.7,4.7,5,4.2,5,73.4,91.9,55,64.4,89,104.8,90.6,120.2,94.8,110.8,45.5,53.5,52.3,43.4,40.7,148.9,146.3,148.7,128,166.1,48.7,54.6,48.1,49.5,46.4,15.2,19.6,17.1,17.2,12.2,48.6,44.6,50.2,48.8,49.1
127,481,Air transportation,0,Canada,2,Urban,2,Incorporated,2019,0.8,1.2,0.9,0.6,0.8,5.1,3.4,3.8,4.8,10.3,2.8,5.9,2.8,3.1,1.7,0.8,0.8,0.8,0.8,0.9,4.1,3.4,2.3,3.8,9.7,24.1,59.6,18.4,15.6,34.5,268.9,119.7,146.8,321.1,609.5,19.4,26.5,17.4,20.5,13.4,309.5,204.2,256.3,328.9,509.4,50.8,52.3,48.7,62.1,42.3,4.9,7.3,5.7,5.2,2.9,52.7,58.6,50.7,49.5,53.7
128,481,Air transportation,0,Canada,1,Rural,2,Incorporated,2019,X,X,X,X,X,X,X,X,X,X,X,X,X,X,X,X,X,X,X,X,X,X,X,X,X,X,X,X,X,X,X,X,X,X,X,X,X,X,X,X,X,X,X,X,X,X,X,X,X,X,X,X,X,X,X,X,X,X,X,X
129,482,Rail transportation,0,Canada,2,Urban,2,Incorporated,2019,2.5,X,X,X,X,0.8,X,X,X,X,61.4,X,X,X,X,0.4,X,X,X,X,0.7,X,X,X,X,44.6,X,X,X,X,15.6,X,X,X,X,12.1,X,X,X,X,127.6,X,X,X,X,77.9,X,X,X,X,7,X,X,X,X,94.5,X,X,X,X
130,482,Rail transportation,0,Canada,1,Rural,2,Incorporated,2019,X,X,X,X,X,X,X,X,X,X,X,X,X,X,X,X,X,X,X,X,X,X,X,X,X,X,X,X,X,X,X,X,X,X,X,X,X,X,X,X,X,X,X,X,X,X,X,X,X,X,X,X,X,X,X,X,X,X,X,X
131,483,Water transportation,0,Canada,1,Rural,2,Incorporated,2019,0.5,X,X,X,X,11.4,X,X,X,X,1,X,X,X,X,0.9,X,X,X,X,47.5,X,X,X,X,149.6,X,X,X,X,1013.6,X,X,X,X,3.6,X,X,X,X,398.9,X,X,X,X,20.8,X,X,X,X,6.5,X,X,X,X,27.6,X,X,X,X
132,483,Water transportation,0,Canada,2,Urban,2,Incorporated,2019,X,X,X,X,X,X,X,X,X,X,X,X,X,X,X,X,X,X,X,X,X,X,X,X,X,X,X,X,X,X,X,X,X,X,X,X,X,X,X,X,X,X,X,X,X,X,X,X,X,X,X,X,X,X,X,X,X,X,X,X
133,484,Truck transportation,0,Canada,1,Rural,2,Incorporated,2019,1.2,1.1,1,1.1,1.3,1.9,2.2,2.4,1.9,1.6,13.8,13.2,15.4,13.5,13.4,0.7,0.7,0.7,0.7,0.6,5.1,5.3,6.2,5,4.7,63.7,46.3,70.1,87.6,58.9,95.6,106,116.7,95.7,84.9,64.6,72.9,92.9,69.1,49.5,159.8,166.9,201.4,171.5,136.1,66.2,71.5,69.2,66.9,62.5,24,25,29.1,25.6,20.2,46.4,42.7,42.7,46.3,49.5
134,484,Truck transportation,0,Canada,2,Urban,2,Incorporated,2019,1.3,1.3,1.3,1.3,1.2,2.1,1.9,2,2.2,2.2,14.9,16.9,12,16,15.2,0.7,0.7,0.7,0.7,0.7,6.4,6.1,6.5,6.5,6.4,201.7,289.2,242.3,178.3,182.6,107.6,96.2,107.6,112.6,108.8,75.6,81.2,71.3,77,74.6,150.7,149.1,139.9,143,161,51.1,59.1,49.5,50.2,49.5,25.8,29.5,25.5,26,24.6,46,41.1,43.1,46.9,48.6
135,485,Transit and ground passenger transportation,0,Canada,1,Rural,2,Incorporated,2019,0.7,0.6,0.8,0.9,0.6,1.8,1.9,2,2.5,1.5,7.8,12.7,5.5,2.6,12.6,0.6,0.7,0.7,0.7,0.6,2.5,2.6,2.5,3.6,2,72.4,72.8,86.3,43.3,106.2,90.9,119.3,88.6,63.7,91.4,32.3,49.6,22.1,16.4,35.5,186.1,171.2,206.8,260.4,158.8,84.2,85.6,75.9,89.4,84.3,13.2,18.4,9.1,7.7,15.5,36.5,66.9,55.8,23.2,22.5
136,485,Transit and ground passenger transportation,0,Canada,2,Urban,2,Incorporated,2019,0.9,0.6,1,0.8,1.1,1.6,2.2,1.7,1.5,1.4,6.5,5.3,6.2,11.9,2.9,0.6,0.7,0.6,0.6,0.6,2.9,3.4,2.6,3.4,2.7,124.6,134.5,112.6,166.1,109.5,77.4,128.2,66.9,88.5,61.5,18.6,24.3,20,41.3,4.3,144.9,198,160.5,129.2,129,69.6,71.9,65.9,67.3,72.1,8.6,9.4,8.9,18.2,2.8,36.3,32.8,40.5,32.7,37.9
137,486,Pipeline transportation,0,Canada,1,Rural,2,Incorporated,2019,..,..,..,..,..,..,..,..,..,..,..,..,..,..,..,..,..,..,..,..,..,..,..,..,..,..,..,..,..,..,..,..,..,..,..,..,..,..,..,..,..,..,..,..,..,..,..,..,..,..,..,..,..,..,..,..,..,..,..,..
138,486,Pipeline transportation,0,Canada,2,Urban,2,Incorporated,2019,X,X,X,X,X,X,X,X,X,X,X,X,X,X,X,X,X,X,X,X,X,X,X,X,X,X,X,X,X,X,X,X,X,X,X,X,X,X,X,X,X,X,X,X,X,X,X,X,X,X,X,X,X,X,X,X,X,X,X,X
139,487,Scenic and sightseeing transportation,0,Canada,2,Urban,2,Incorporated,2019,0.8,1.4,1.1,0.4,0.7,1.6,1.2,0.9,3.6,2.3,7.1,81.4,10.3,3.5,6,0.6,0.5,0.5,0.8,0.7,2.9,1.6,1.8,5.6,5,47.3,38,91.9,61.7,36.7,98.8,67.9,53.1,248.3,123.8,22.9,18.4,15.4,29,36.4,149.6,90.6,117.6,333.3,174,55.3,53.1,61,57.7,52.3,10.1,8.6,9,8.8,13.4,14.9,14.5,14.6,13.4,16.2
140,487,Scenic and sightseeing transportation,0,Canada,1,Rural,2,Incorporated,2019,X,X,X,X,X,X,X,X,X,X,X,X,X,X,X,X,X,X,X,X,X,X,X,X,X,X,X,X,X,X,X,X,X,X,X,X,X,X,X,X,X,X,X,X,X,X,X,X,X,X,X,X,X,X,X,X,X,X,X,X
141,488,Support activities for transportation,0,Canada,1,Rural,2,Incorporated,2019,1.2,1,1.5,1.8,0.8,1.1,1.1,0.8,1,1.4,11.1,15.1,6.5,26.5,3.7,0.5,0.5,0.4,0.5,0.6,2.3,2.2,1.7,2.6,2.8,35.8,66.7,28.7,50.7,28,63.7,64.8,37.5,51.1,97.7,24.2,57.9,13,35.1,6.2,107,136.5,112.2,43.5,134.7,49.8,54.3,54.5,61,35,12.8,29.4,8.6,17.8,3.6,42.2,43.5,52.4,47.7,32.1
142,488,Support activities for transportation,0,Canada,2,Urban,2,Incorporated,2019,1.3,1.5,1.4,1.4,1,2.7,1.6,2.4,1.4,4.3,4,12.5,11,15.2,1.5,0.7,0.6,0.7,0.6,0.8,3.7,3.6,4.7,3.2,3.7,43.3,53.6,23.4,48.9,58.9,94.4,74.4,143.1,73.9,99.4,23.5,33,40.8,29.6,8.4,129.3,115.2,101.8,107.9,162,37.6,42.8,36.3,41.7,33.7,8.4,13.9,13.1,13.3,4.6,55.1,46.9,72,52.2,51.8
143,491,Postal service,0,Canada,2,Urban,2,Incorporated,2019,1.3,X,X,X,X,2.5,X,X,X,X,1724.4,X,X,X,X,0.7,X,X,X,X,8.1,X,X,X,X,42328,X,X,X,X,241.9,X,X,X,X,155.2,X,X,X,X,22.3,X,X,X,X,26.9,X,X,X,X,44.4,X,X,X,X,14.1,X,X,X,X
144,491,Postal service,0,Canada,1,Rural,2,Incorporated,2019,X,X,X,X,X,X,X,X,X,X,X,X,X,X,X,X,X,X,X,X,X,X,X,X,X,X,X,X,X,X,X,X,X,X,X,X,X,X,X,X,X,X,X,X,X,X,X,X,X,X,X,X,X,X,X,X,X,X,X,X
145,492,Couriers and messengers,0,Canada,2,Urban,2,Incorporated,2019,1.5,2,2,1.6,1.2,2.8,0.8,1,1.5,-11.5,25.5,143.7,29.9,16.2,18.2,0.7,0.4,0.5,0.6,1.1,10.9,7,3.9,7.9,-32.2,1469.5,5755,1601.2,831.7,1770.7,148.4,52.5,60.7,98.9,-507.9,103.5,96.9,58.3,51.2,-228.4,104.9,34.6,58.3,62.7,-320.9,47.2,49.4,62.1,24.6,54.1,28.3,55.6,30.2,21.4,23.1,45.4,36.3,54.6,47.1,43.4
146,492,Couriers and messengers,0,Canada,1,Rural,2,Incorporated,2019,X,X,X,X,X,X,X,X,X,X,X,X,X,X,X,X,X,X,X,X,X,X,X,X,X,X,X,X,X,X,X,X,X,X,X,X,X,X,X,X,X,X,X,X,X,X,X,X,X,X,X,X,X,X,X,X,X,X,X,X
147,493,Warehousing and storage,0,Canada,1,Rural,2,Incorporated,2019,1,X,X,X,X,1.7,X,X,X,X,5.5,X,X,X,X,0.6,X,X,X,X,2.3,X,X,X,X,4.4,X,X,X,X,112,X,X,X,X,8.5,X,X,X,X,60.2,X,X,X,X,27.8,X,X,X,X,3.9,X,X,X,X,34.9,X,X,X,X
148,493,Warehousing and storage,0,Canada,2,Urban,2,Incorporated,2019,1.2,0.9,1.4,1.8,0.8,3.1,12.7,6.7,1.3,3,5.9,3.1,5.4,9.6,6.5,0.8,0.9,0.9,0.6,0.8,4,10.9,6.8,2,5,21.3,17.1,38.3,12,34.1,134.9,437.9,222.8,65.7,165.5,36.7,81.1,71.5,21.2,42.4,208.6,771.8,437.4,108,197.3,58.6,59.1,59.8,64.6,54.2,10.9,8.7,11.3,10.2,12.4,55,61.4,52.8,56.1,53.1
149,51,Information and cultural industries,0,Canada,2,Urban,2,Incorporated,2019,1.3,1.6,1.2,1.2,1.4,1.5,1.4,1.7,1.3,1.5,8,5.8,10.8,5.8,10.5,0.6,0.6,0.6,0.6,0.6,2.2,2.1,2.3,1.8,2.7,51.6,31.2,56.7,45.1,72.6,101.5,83.5,117,92.4,110.5,13,9.7,17.5,9.6,15.5,62,68.1,71.7,60.4,55,56.9,57.3,57.9,59.1,54.9,6,4.9,7.2,5,6.8,81.9,85,79.7,84.3,80.2
150,51,Information and cultural industries,0,Canada,1,Rural,2,Incorporated,2019,1.7,1.6,1.8,2.2,1.4,0.4,1,0.4,0.3,0.2,60,38.1,91.5,75.2,44,0.3,0.5,0.3,0.2,0.2,0.8,1.6,1,1.1,0.6,29.1,18.9,58.9,73.9,19.1,25.8,48.8,31.4,25.6,20.5,14.4,16.3,33.3,12.4,8.8,68.2,100.9,61.4,60.1,68.7,79.5,57.7,91.9,68.9,89.7,10.8,8.2,23.3,9.7,7.2,51.6,68.8,70.7,65.3,22.7
151,511,Publishing industries,0,Canada,2,Urban,2,Incorporated,2019,1.7,2.8,1.5,1.2,2,1,0.8,1.4,1.2,0.8,3,2.1,4.4,-0.5,5.6,0.5,0.5,0.6,0.6,0.5,1.3,0.9,1.6,1.6,1.3,43,24.2,27.6,69.7,60.3,58,29.4,75.3,85.5,50.5,2.6,2.3,4.7,-1.7,4.3,67,66.7,109.7,102.9,32.3,76.9,76.5,73.3,74.8,80,1.9,2.4,2.6,-0.3,2.9,65.1,64.5,59.1,63.9,69
152,511,Publishing industries,0,Canada,1,Rural,2,Incorporated,2019,2.3,X,X,X,X,0.9,X,X,X,X,-91.2,X,X,X,X,0.5,X,X,X,X,2.3,X,X,X,X,498.7,X,X,X,X,70.9,X,X,X,X,-13.3,X,X,X,X,21.3,X,X,X,X,97.7,X,X,X,X,-7,X,X,X,X,84.7,X,X,X,X
153,512,Motion picture and sound recording industries,0,Canada,2,Urban,2,Incorporated,2019,1.2,1.2,1.1,1.1,1.3,4.5,4.4,14.7,4,3.3,18.5,13.2,19.3,14,28.8,0.8,0.8,0.9,0.8,0.8,6.3,6.6,17.6,4.8,5.7,68.8,50.9,84.2,37,176.6,375.5,361,1301.8,335.6,265.9,46.3,43.4,118.1,37.8,42.6,41.5,61.1,78.8,52.9,20.5,41.7,40.8,42.2,47.9,37.8,8.9,8.7,7.9,8.2,10.2,137.8,154.1,136.5,153.8,121.7
154,512,Motion picture and sound recording industries,0,Canada,1,Rural,2,Incorporated,2019,X,X,X,X,X,X,X,X,X,X,X,X,X,X,X,X,X,X,X,X,X,X,X,X,X,X,X,X,X,X,X,X,X,X,X,X,X,X,X,X,X,X,X,X,X,X,X,X,X,X,X,X,X,X,X,X,X,X,X,X
155,515,Broadcasting (except Internet),0,Canada,2,Urban,2,Incorporated,2019,1.6,1.1,1,1.7,2.4,0.7,1.1,1.3,0.5,0.5,4.2,6.9,82.5,2.1,5.1,0.4,0.5,0.6,0.3,0.3,0.8,2.4,1.2,0.4,1.5,172.5,X,3495.2,118.8,111.5,32.4,90.3,74,17.5,38.1,10,39.1,18.6,3.5,17.8,20.6,22.7,20.3,17.2,31.2,79.1,82.5,82.3,79.6,75.7,7.9,21.9,8.1,4.3,14.6,122.1,55.3,102.9,210,93.7
156,515,Broadcasting (except Internet),0,Canada,1,Rural,2,Incorporated,2019,X,X,X,X,X,X,X,X,X,X,X,X,X,X,X,X,X,X,X,X,X,X,X,X,X,X,X,X,X,X,X,X,X,X,X,X,X,X,X,X,X,X,X,X,X,X,X,X,X,X,X,X,X,X,X,X,X,X,X,X
157,517,Telecommunications,0,Canada,2,Urban,2,Incorporated,2019,1.1,1.3,1.1,1.4,0.7,1.7,1.2,2.8,1,3,6.8,20.8,4.9,5.1,9.4,0.6,0.6,0.7,0.5,0.8,3.6,3.1,5.5,1.9,7.1,27.6,20.2,36.2,20.6,36.6,119,96.4,159.4,67.7,242,16.4,13,31.2,7.9,31.6,103.7,42.3,174.8,69.9,195.2,39,42.3,38.7,41.2,36.5,7.1,6.1,10.4,4.8,8.7,39.9,42.1,47,45.3,32
158,517,Telecommunications,0,Canada,1,Rural,2,Incorporated,2019,X,X,X,X,X,X,X,X,X,X,X,X,X,X,X,X,X,X,X,X,X,X,X,X,X,X,X,X,X,X,X,X,X,X,X,X,X,X,X,X,X,X,X,X,X,X,X,X,X,X,X,X,X,X,X,X,X,X,X,X
159,518,"Data processing, hosting, and related services",0,Canada,2,Urban,2,Incorporated,2019,1.3,1.4,1.4,1,1.5,1.4,1.7,0.6,1.2,2.9,11.9,11.8,18.7,-0.2,25.3,0.6,0.6,0.4,0.6,0.7,2,1.9,1.1,1.8,4.6,262.7,2718.2,207.1,2017.9,145.5,89.8,78.1,43.3,102.5,174.7,12.2,9,18.8,-1.6,26.5,65.7,153.6,7.6,80.8,79.6,70.7,60.7,84.6,74.3,64.8,5.6,3.6,12.1,-0.1,7.1,49.4,37.3,44.1,49.6,56.5
160,518,"Data processing, hosting, and related services",0,Canada,1,Rural,2,Incorporated,2019,X,X,X,X,X,X,X,X,X,X,X,X,X,X,X,X,X,X,X,X,X,X,X,X,X,X,X,X,X,X,X,X,X,X,X,X,X,X,X,X,X,X,X,X,X,X,X,X,X,X,X,X,X,X,X,X,X,X,X,X
161,519,Other information services,0,Canada,2,Urban,2,Incorporated,2019,1.3,2.1,1.1,1.6,1.1,0.9,0.9,0.4,1.3,2.3,38.3,28.5,177.5,38.1,17,0.5,0.5,0.3,0.6,0.7,2,2.8,0.7,4.2,4.3,982.6,804.8,811.3,473.6,X,67.3,63.9,25.2,105.1,176.2,26.4,37.2,6.4,129.6,6.1,54.6,37.5,38.2,38.3,129.3,79.9,84.3,89.4,73,78.8,14.2,20.5,4.7,56.8,1.9,42.4,31.2,56.2,41.8,40.2
162,519,Other information services,0,Canada,1,Rural,2,Incorporated,2019,X,X,X,X,X,X,X,X,X,X,X,X,X,X,X,X,X,X,X,X,X,X,X,X,X,X,X,X,X,X,X,X,X,X,X,X,X,X,X,X,X,X,X,X,X,X,X,X,X,X,X,X,X,X,X,X,X,X,X,X
163,53,Real estate and rental and leasing,0,Canada,1,Rural,2,Incorporated,2019,0.7,0.9,0.9,1,0.5,2,3.1,1.2,1.3,2.7,5.9,4.8,8.9,7.7,4.5,0.7,0.8,0.5,0.6,0.7,1.2,1.6,1.1,1.1,1.4,17.4,9,27,41,15,69.6,75.4,53.8,55.5,88.8,25.6,34.1,23.6,28.6,21.4,215.5,282.6,118.7,162.7,294.5,63.2,67.5,55.7,58.4,69,10.3,10.6,12.2,14.3,7.5,41.3,26,71.3,46,29.9
164,53,Real estate and rental and leasing,0,Canada,2,Urban,2,Incorporated,2019,1,1.1,1,1.3,0.9,1.9,2.1,2.1,1.7,2,4.2,3.7,3.7,4.9,4.2,0.7,0.7,0.7,0.6,0.7,0.7,0.6,0.7,0.6,0.7,16.7,18,17.1,25,13.3,61.6,63.3,66.2,49.8,67.2,13.9,12.1,13,14.8,14.4,153.7,164.1,162.1,140,155.2,61.5,67,65.2,63.3,56.5,6.2,5.3,5.8,7,6.3,37.1,28.1,32.5,39,41.6
165,531,Real estate,0,Canada,1,Rural,2,Incorporated,2019,0.8,0.8,0.6,2.5,0.5,2,3.8,1.4,0.9,2.9,6.3,4.8,6.5,12.4,4.9,0.7,0.8,0.6,0.5,0.7,1,1.6,0.8,0.8,1.2,15.2,8,24.8,90.1,11.5,54.3,79.1,58.4,22,73.9,29.2,48.7,20.6,29.6,29.3,212.5,363.2,136.5,128.7,302,57.4,73.2,48,47.3,62,11.6,12.8,10,16.9,9.5,31.9,13.8,105.4,10.5,15.3
166,531,Real estate,0,Canada,2,Urban,2,Incorporated,2019,1,1.2,0.9,1.3,0.9,2,2.4,2.2,1.6,2,4.3,3.7,3.8,4.9,4.4,0.7,0.7,0.7,0.6,0.7,0.6,0.6,0.7,0.6,0.6,19.2,21.6,18.3,27.5,15.8,60.6,67.4,68.2,47.3,63.7,14.5,13.7,13.8,14.7,14.9,157.5,171.1,169.1,143.2,156.8,62.6,68.1,69.6,63.1,56.6,6.3,5.4,5.9,7,6.4,24.2,20.2,26.1,27.2,22.9
167,532,Rental and leasing services,0,Canada,2,Urban,2,Incorporated,2019,0.9,0.7,1.2,0.6,1.2,1.7,0.9,2.8,2.1,1.7,3.1,3.4,2.9,2.7,3.2,0.6,0.5,0.7,0.7,0.6,1.1,0.5,1.9,1.3,1.2,9.6,9.8,11.4,15.6,7.2,72.3,44.9,92.7,101.1,75,8.4,4.6,15.1,7.3,10.5,144.2,129.8,216.1,162.2,127.2,57.1,64,56,57.6,54.5,4.7,3.4,6.1,3.7,5.6,92.8,59.7,60.4,92.3,120
168,532,Rental and leasing services,0,Canada,1,Rural,2,Incorporated,2019,X,X,X,X,X,X,X,X,X,X,X,X,X,X,X,X,X,X,X,X,X,X,X,X,X,X,X,X,X,X,X,X,X,X,X,X,X,X,X,X,X,X,X,X,X,X,X,X,X,X,X,X,X,X,X,X,X,X,X,X
169,533,Lessors of non-financial intangible assets (except copyrighted works),0,Canada,2,Urban,2,Incorporated,2019,1.7,1.5,1.6,1.1,2.5,0.9,1,0.5,4.5,0.5,12.1,4.8,7,13.8,20.7,0.5,0.5,0.3,0.8,0.3,1.1,0.8,0.6,4.3,1.1,53.6,68.7,56.1,35.3,69.2,46.3,58.2,18.3,208.7,37,18.8,8.4,7.2,55.7,27.9,49.8,82.7,52.5,144.3,15.4,73.8,77.8,66.3,79.3,71.8,11.1,5.3,5.6,10.9,19.7,57.5,45.7,52.2,64.1,60.3
170,533,Lessors of non-financial intangible assets (except copyrighted works),0,Canada,1,Rural,2,Incorporated,2019,X,X,X,X,X,X,X,X,X,X,X,X,X,X,X,X,X,X,X,X,X,X,X,X,X,X,X,X,X,X,X,X,X,X,X,X,X,X,X,X,X,X,X,X,X,X,X,X,X,X,X,X,X,X,X,X,X,X,X,X
171,54,"Professional, scientific and technical services",0,Canada,1,Rural,2,Incorporated,2019,1.5,1.8,1.8,1.5,1.3,1.7,1,1.5,2,2.8,46.1,69.7,45.6,35.6,46.8,0.6,0.5,0.6,0.7,0.7,4.7,2.3,4.2,4.7,9.1,21.2,19.3,32.5,26.5,17,106.1,59.8,79.2,95,219.4,85.6,53.3,58.5,89.8,159.7,82.8,77,95.7,107,51.1,64.6,71.5,56.9,49.6,74.3,32.1,27.5,23.7,30.3,43.3,56.6,65.5,68,49.6,51.8
172,54,"Professional, scientific and technical services",0,Canada,2,Urban,2,Incorporated,2019,1.6,1.7,1.5,1.6,1.6,1.4,2.5,1.2,1.2,1.4,13.3,11.3,21.8,9.5,13.9,0.6,0.7,0.5,0.5,0.6,2.5,4.1,2.3,2.4,2.2,35.7,40.8,37,35.1,34,84.3,124.6,84.4,77.9,79.7,23.7,39.5,28.2,17.4,22.2,54.4,63.5,58.8,54.2,50.6,65.1,67.3,65.8,64.1,64.5,10.7,12.5,13.6,8.8,10,74.3,72.2,74.7,71.3,76.9
173,541,"Professional, scientific and technical services",0,Canada,1,Rural,2,Incorporated,2019,1.5,1.8,1.8,1.5,1.3,1.7,1,1.5,2,2.8,46.1,69.7,45.6,35.6,46.8,0.6,0.5,0.6,0.7,0.7,4.7,2.3,4.2,4.7,9.1,21.2,19.3,32.5,26.5,17,106.1,59.8,79.2,95,219.4,85.6,53.3,58.5,89.8,159.7,82.8,77,95.7,107,51.1,64.6,71.5,56.9,49.6,74.3,32.1,27.5,23.7,30.3,43.3,56.6,65.5,68,49.6,51.8
174,541,"Professional, scientific and technical services",0,Canada,2,Urban,2,Incorporated,2019,1.6,1.7,1.5,1.6,1.6,1.4,2.5,1.2,1.2,1.4,13.3,11.3,21.8,9.5,13.9,0.6,0.7,0.5,0.5,0.6,2.5,4.1,2.3,2.4,2.2,35.7,40.8,37,35.1,34,84.3,124.6,84.4,77.9,79.7,23.7,39.5,28.2,17.4,22.2,54.4,63.5,58.8,54.2,50.6,65.1,67.3,65.8,64.1,64.5,10.7,12.5,13.6,8.8,10,74.3,72.2,74.7,71.3,76.9
175,55,Management of companies and enterprises,0,Canada,1,Rural,2,Incorporated,2019,1.5,1.6,1.2,4.4,0.5,0.3,0.2,0.6,0.1,0.5,17.6,49.4,8.5,28.9,15.9,0.2,0.2,0.4,0.1,0.3,0.2,0.2,0.3,0.2,0.4,88.1,447.9,34.8,315.4,86.1,15.1,11,26.1,6.4,25.5,14.4,13.4,16,10.6,20.1,11.9,21.4,34.2,3.8,4.9,63.2,100,85.8,68.3,49.3,11.7,11,11.6,9.9,14.1,29.8,25.6,25.3,17.4,41.5
176,55,Management of companies and enterprises,0,Canada,2,Urban,2,Incorporated,2019,1.7,1.7,1.7,1.5,2,0.5,0.4,0.4,0.4,0.5,5.7,6.5,6.8,4.3,6.2,0.3,0.3,0.3,0.3,0.3,0.1,0.1,0.1,0.1,0.1,47.5,96.4,25.9,39.8,72.6,16.8,17.7,15.5,18.6,15.6,4.9,6.1,4.6,3.6,5.9,2.8,3,3.4,2.6,2.6,79,79,78.6,78.4,79.6,4.1,5,3.8,3.3,4.7,59.4,38.4,36.5,30.7,97.1
177,551,Management of companies and enterprises,0,Canada,1,Rural,2,Incorporated,2019,1.5,1.6,1.2,4.4,0.5,0.3,0.2,0.6,0.1,0.5,17.6,49.4,8.5,28.9,15.9,0.2,0.2,0.4,0.1,0.3,0.2,0.2,0.3,0.2,0.4,88.1,447.9,34.8,315.4,86.1,15.1,11,26.1,6.4,25.5,14.4,13.4,16,10.6,20.1,11.9,21.4,34.2,3.8,4.9,63.2,100,85.8,68.3,49.3,11.7,11,11.6,9.9,14.1,29.8,25.6,25.3,17.4,41.5
178,551,Management of companies and enterprises,0,Canada,2,Urban,2,Incorporated,2019,1.7,1.7,1.7,1.5,2,0.5,0.4,0.4,0.4,0.5,5.7,6.5,6.8,4.3,6.2,0.3,0.3,0.3,0.3,0.3,0.1,0.1,0.1,0.1,0.1,47.5,96.4,25.9,39.8,72.6,16.8,17.7,15.5,18.6,15.6,4.9,6.1,4.6,3.6,5.9,2.8,3,3.4,2.6,2.6,79,79,78.6,78.4,79.6,4.1,5,3.8,3.3,4.7,59.4,38.4,36.5,30.7,97.1
179,56,"Administrative and support, waste management and remediation services",0,Canada,1,Rural,2,Incorporated,2019,1.2,1.4,1.3,1.2,1.1,1.6,0.9,1.9,1.6,1.7,13.8,11.7,4.5,14.8,21.7,0.6,0.5,0.7,0.6,0.6,2.8,2.2,3.6,3.5,2.6,43.2,27.1,40.2,70.8,44.4,69.4,50.1,78.6,73.8,73.3,28.5,17.6,14,35.1,35.7,111.5,73.7,167.7,128.5,101.9,57.2,60.4,50.1,51.8,63.5,12,10.1,6.2,14.2,13.9,54.1,47.6,60.4,55.3,53
180,56,"Administrative and support, waste management and remediation services",0,Canada,2,Urban,2,Incorporated,2019,1.4,1.5,1.5,1.2,1.4,1.7,1.5,1.1,4,1.4,10.8,19.4,6,8.7,16.9,0.6,0.6,0.5,0.8,0.6,3.5,3.5,2.4,7.3,3.1,49.8,51.7,55.2,51.8,46,93.1,90,52.8,205.9,88.1,29.4,36.6,20.2,52.7,26.3,53.8,52.4,37.1,125.5,45,43.6,49.2,48.6,41,41,12.2,15.5,11.7,12,11.4,50.7,48.9,47,55.5,50.2
181,561,Administrative and support services,0,Canada,1,Rural,2,Incorporated,2019,1.3,1.5,1.4,1.5,1.2,1.4,0.6,2.2,1.5,1.6,16.1,14.5,7,36.8,15.2,0.6,0.4,0.7,0.6,0.6,3.1,1.9,6.6,4.3,2.6,35.2,19.8,38.5,72.2,33.6,65.7,44.2,131.1,72.1,62.1,29,15.5,26.2,50,28.8,63.8,41.2,110,70.4,64.4,52.3,53.7,40.8,50.9,59.6,13,10.3,9.6,20.5,11.9,48.4,43.8,58.4,45.9,47
182,561,Administrative and support services,0,Canada,2,Urban,2,Incorporated,2019,1.4,1.4,1.7,1.3,1.4,1.7,1.5,1.2,4.2,1.4,16.6,21.2,22.3,9.6,20.5,0.6,0.6,0.5,0.8,0.6,3.8,3.5,3.2,8.4,3.1,49.4,54.4,51.6,49.4,47.1,98,93.1,60.9,223.1,87.3,34.1,38.6,33.2,64.5,26.1,44.2,47,40.5,96.6,32.8,43.2,49.1,48.2,40.9,40.2,13.5,15.9,16.2,13.8,11.5,49.3,48.1,45.2,53.4,49
183,562,Waste management and remediation services,0,Canada,1,Rural,2,Incorporated,2019,1,1.2,0.9,1,0.9,1.9,2.8,1.4,1.7,2,10.7,4.7,4.2,4.7,55.2,0.7,0.7,0.6,0.6,0.7,2.4,3.2,1.6,2.4,2.9,94.4,66.4,52.9,98.8,183.2,76.4,79.2,46.2,70.5,104.4,27.6,21.5,8.2,15.6,54.3,201.8,265.1,175,200.3,203,68.8,82.4,66.7,57.4,71.9,10.6,7.1,4.5,7.2,18.1,67.8,57.3,67,74.7,67.9
184,562,Waste management and remediation services,0,Canada,2,Urban,2,Incorporated,2019,1.1,1.5,0.9,0.8,1.3,1.5,1,0.9,3.6,1.9,2.5,10.9,0.4,4.2,7.5,0.6,0.5,0.5,0.8,0.7,2.2,2.7,0.8,4.2,3.6,52.1,39.1,89.5,76.6,40.8,72.7,64.1,38.1,164.8,96.6,9.8,24.8,-5,17.5,28,93.9,72.7,35.4,236.3,144.7,46.7,50.7,50.3,41.7,46.6,6.4,13.4,1.9,5,11.1,61.3,60,59.1,66.1,59.9
185,61,Educational services,0,Canada,2,Urban,2,Incorporated,2019,1.1,1.4,1.1,1,1.2,2,1.1,2.8,5.1,1.4,17.7,36.1,29.6,11.8,18.2,0.7,0.5,0.7,0.8,0.6,3.2,2.5,5.1,6.8,2.3,81.4,59.5,86.2,167.5,67.2,146,96.9,198.5,361.5,105.8,34.4,24,53.8,85,23,74.6,31.8,96.6,177.6,63.1,80.8,78.9,81.8,83.8,79,12.2,11.5,14.7,15.1,10,33.6,29,45.8,34,29.2
186,61,Educational services,0,Canada,1,Rural,2,Incorporated,2019,2.5,8.3,1.2,2.3,2.6,0.4,0.1,0.5,0.5,1.4,224.8,49.8,85.8,X,2091.4,0.3,0.1,0.3,0.3,0.6,1.3,0.6,1.3,1.8,3.2,12221,X,2754.6,X,X,25.5,4.3,38.1,37.8,55.8,12.7,2.4,12,11,50.4,69.9,71.2,61.2,61.9,91.7,97.3,90,100,100,97.9,8.9,2.3,8.3,7.2,21,41.1,11,62.5,42.5,42.8
187,611,Educational services,0,Canada,2,Urban,2,Incorporated,2019,1.1,1.4,1.1,1,1.2,2,1.1,2.8,5.1,1.4,17.7,36.1,29.6,11.8,18.2,0.7,0.5,0.7,0.8,0.6,3.2,2.5,5.1,6.8,2.3,81.4,59.5,86.2,167.5,67.2,146,96.9,198.5,361.5,105.8,34.4,24,53.8,85,23,74.6,31.8,96.6,177.6,63.1,80.8,78.9,81.8,83.8,79,12.2,11.5,14.7,15.1,10,33.6,29,45.8,34,29.2
188,611,Educational services,0,Canada,1,Rural,2,Incorporated,2019,2.5,8.3,1.2,2.3,2.6,0.4,0.1,0.5,0.5,1.4,224.8,49.8,85.8,X,2091.4,0.3,0.1,0.3,0.3,0.6,1.3,0.6,1.3,1.8,3.2,12221,X,2754.6,X,X,25.5,4.3,38.1,37.8,55.8,12.7,2.4,12,11,50.4,69.9,71.2,61.2,61.9,91.7,97.3,90,100,100,97.9,8.9,2.3,8.3,7.2,21,41.1,11,62.5,42.5,42.8
189,62,Health care and social assistance,0,Canada,2,Urban,2,Incorporated,2019,1.1,1.3,0.9,1,1,3.5,2.3,2.3,5.3,3.8,7.7,12.6,8.6,7.1,6.6,0.8,0.7,0.7,0.8,0.8,4.5,4,3.6,5.6,4.8,91.2,81,193.2,120.3,67.8,129.8,87.1,97.6,182.9,141,60.9,64.9,51.6,74.4,57.8,244.6,159.3,159.7,352,279.5,77.3,79.2,79,77.2,75.9,15.6,21.2,17.6,13.8,14.1,21.8,20,23.1,20.4,22.6
190,62,Health care and social assistance,0,Canada,1,Rural,2,Incorporated,2019,1.2,1.1,1.3,0.9,1.5,2.7,5.6,3.4,3.3,1.2,5.9,3,5.3,8.9,9.3,0.7,0.8,0.8,0.8,0.5,4.6,4.5,4.3,6.7,4,313.2,616,336.7,1146.6,191.7,96.6,106.2,80.2,176,72.8,33.1,29.9,38.8,58.7,23,206.6,446,318.3,203.9,81.5,83,96.2,91.6,87.7,72.7,10.9,6.8,10.9,15.5,11.8,20,14.9,17.5,21.1,22.3
191,621,Ambulatory health care services,0,Canada,1,Rural,2,Incorporated,2019,1.4,1.8,1.8,0.9,1.5,0.8,0.6,0.8,1.1,0.9,22.2,104.2,65.3,25.2,4.1,0.5,0.4,0.4,0.5,0.5,3.3,2.2,4,4.6,3.1,150.8,172.3,449.9,2044.7,80.8,65.4,39.5,65,98,64.6,29.3,23.3,80.5,52.6,5.1,55.3,28.4,60,116.1,41.9,71.1,85.5,99.9,72,55.9,16.6,15.1,45.2,26.3,3.5,27.5,27.4,29.8,27.6,26.5
192,621,Ambulatory health care services,0,Canada,2,Urban,2,Incorporated,2019,1.4,1.8,1.5,1.2,1.4,1.7,1.2,1.4,1.9,1.9,17.6,26.1,26.9,29.1,10.6,0.6,0.6,0.6,0.7,0.7,3.9,3.3,3.7,4.9,3.9,71,51.4,130.1,69.7,67.8,84.1,64.7,72.6,112.6,84.6,66.4,70.7,76.7,81.5,52.7,101.8,69.7,63.5,99.6,134.6,73,76.1,75.9,73.4,70.4,26,32.7,33.3,28.8,19.8,27.8,26.6,23.5,31.8,27.7
193,622,Hospitals,0,Canada,2,Urban,2,Incorporated,2019,0.6,X,X,X,X,3.9,X,X,X,X,4.4,X,X,X,X,0.8,X,X,X,X,2.8,X,X,X,X,182.7,X,X,X,X,130.8,X,X,X,X,28.6,X,X,X,X,194.1,X,X,X,X,79.9,X,X,X,X,7.6,X,X,X,X,36,X,X,X,X
194,622,Hospitals,0,Canada,1,Rural,2,Incorporated,2019,..,..,..,..,..,..,..,..,..,..,..,..,..,..,..,..,..,..,..,..,..,..,..,..,..,..,..,..,..,..,..,..,..,..,..,..,..,..,..,..,..,..,..,..,..,..,..,..,..,..,..,..,..,..,..,..,..,..,..,..
195,623,Nursing and residential care facilities,0,Canada,1,Rural,2,Incorporated,2019,0.6,0.4,0.7,0.4,0.7,14.7,-25.1,12.5,9,6.8,2.3,1.1,2.4,1.7,4.9,0.9,1,0.9,0.9,0.9,11.8,-13.4,6.9,6,13.3,536.9,252.7,364.5,612.3,1598.1,307.8,-442.2,160.5,210,252.2,61.1,-9.6,60.2,18,89.8,1255.4,-2087,1191.6,740.6,540.4,98,91.6,100,98.7,100,6.8,3.6,7.5,4.3,14.4,13.6,21.7,6.4,8.9,16.4
196,623,Nursing and residential care facilities,0,Canada,2,Urban,2,Incorporated,2019,0.7,0.5,0.5,1.1,0.8,8.7,5.5,5,15.7,10.8,2.7,2.3,2.6,2.5,3.2,0.9,0.8,0.8,0.9,0.9,5.6,4,3.4,7.6,8.2,473.8,510.6,1005.5,365.7,430.3,242.8,134.8,187.9,375.9,302.5,44,24.5,27.4,56.8,71.4,664.8,480.3,382.2,1138.7,824.4,84.9,83.3,83.1,86.2,85.6,7.1,6.7,7.3,5.7,8.7,9.2,7.9,12.9,9.7,7.4
197,624,Social assistance,0,Canada,2,Urban,2,Incorporated,2019,1.1,1.3,1.3,1.4,1,2.2,1.8,2.4,2.2,2.2,29.8,10.4,41.8,33.1,37.4,0.7,0.6,0.7,0.7,0.7,5.7,4.8,6.9,5.5,5.8,57.2,177.9,2285.9,945,25,134.8,92,143.9,80.2,187.1,69.9,30.5,82.1,102.9,62.4,136,127.7,121,162.3,128.8,78.2,79.4,94.5,73.2,74.1,22.8,11.9,24.8,33.1,19.8,24.7,15.8,17.4,22.7,32.7
198,624,Social assistance,0,Canada,1,Rural,2,Incorporated,2019,1.8,1.5,1.9,1.6,2.1,1.5,2.2,3.1,1,0.7,16.1,22.5,2,X,X,0.6,0.7,0.8,0.5,0.4,4.2,4.7,3.8,4.2,4.2,207463,X,X,49766,X,73.9,108.5,53.6,84.8,65.7,29.6,39.1,7.8,21.9,42.4,89.2,109.2,222,58.1,30,81.3,100,77.1,73.1,78.1,12.7,12.8,3.9,11,25.2,16.4,11,12.1,27.7,13.9
199,71,"Arts, entertainment and recreation",0,Canada,1,Rural,2,Incorporated,2019,1.1,0.6,0.5,1.4,1.9,0.9,1.4,1.8,0.6,0.8,11.7,20.9,13.9,4.1,12.8,0.5,0.6,0.6,0.4,0.4,1.7,1.8,2.6,1.2,2,13.9,12.6,11.6,21.7,12.9,49.6,67.8,123.9,22.6,41.5,16,26.4,12.7,3.3,26.6,103.9,98.9,179.1,114.4,64.4,57.1,42.8,41.3,65.1,65,9.1,11.6,4.9,2.8,16.4,15.9,10.5,12.4,17.7,18.7
200,71,"Arts, entertainment and recreation",0,Canada,2,Urban,2,Incorporated,2019,1.1,1.2,1.3,0.9,1.1,1.4,1.1,1.1,2.1,1.3,8,4.1,9.4,9,8.4,0.6,0.5,0.5,0.7,0.6,1.4,1.4,1.5,2.1,1.2,13.1,43,44.5,45.4,6.2,72.1,71.5,56.3,74.6,77.8,12.6,5.7,13.9,16,13.3,112.9,103.9,110.5,200.9,84.1,64.2,68.4,63.4,61.7,64.4,6.1,3.5,7.6,5.8,6.6,39.3,30.8,68.3,31.7,33.2
201,711,"Performing arts, spectator sports and related industries",0,Canada,2,Urban,2,Incorporated,2019,1.3,1.6,1.4,1.1,1.2,2.6,1.5,1.8,21.5,1.9,15,14.3,22.7,6.2,21.6,0.7,0.6,0.6,1,0.7,2.6,1.6,2.5,15.8,2,73.4,163.4,42.5,112.3,67.8,125.7,68.8,125.3,581,116.8,35.7,29,32,106.1,34.6,131.7,90.9,61.3,1256.6,87.4,53.9,63.9,52.4,51.2,51.9,10.6,12.6,11.9,5.6,12.5,63.5,55.5,142.2,45.8,38.8
202,711,"Performing arts, spectator sports and related industries",0,Canada,1,Rural,2,Incorporated,2019,X,X,X,X,X,X,X,X,X,X,X,X,X,X,X,X,X,X,X,X,X,X,X,X,X,X,X,X,X,X,X,X,X,X,X,X,X,X,X,X,X,X,X,X,X,X,X,X,X,X,X,X,X,X,X,X,X,X,X,X
203,712,Heritage institutions,0,Canada,2,Urban,2,Incorporated,2019,1.2,X,X,X,X,4.6,X,X,X,X,-4.7,X,X,X,X,0.8,X,X,X,X,1.4,X,X,X,X,0.4,X,X,X,X,337.9,X,X,X,X,-4.7,X,X,X,X,109,X,X,X,X,71.5,X,X,X,X,-0.7,X,X,X,X,47.5,X,X,X,X
204,712,Heritage institutions,0,Canada,1,Rural,2,Incorporated,2019,X,X,X,X,X,X,X,X,X,X,X,X,X,X,X,X,X,X,X,X,X,X,X,X,X,X,X,X,X,X,X,X,X,X,X,X,X,X,X,X,X,X,X,X,X,X,X,X,X,X,X,X,X,X,X,X,X,X,X,X
205,713,"Amusement, gambling and recreation industries",0,Canada,2,Urban,2,Incorporated,2019,0.9,1.1,1.1,0.9,0.8,0.9,1.1,0.7,1.1,0.8,4.9,-0.2,4.7,10.4,5.2,0.5,0.5,0.4,0.5,0.5,1.1,1.3,1.1,1.4,0.9,37.4,31,40.7,34.8,41.1,47.8,79.8,32.7,43.9,46.7,6.4,-2.5,4.9,10.6,7.7,107.5,115.1,119.4,153.9,82.2,71.9,72.6,70.2,68.4,74.5,4.2,-0.2,3.6,5.7,5.2,22,16.9,16.8,19.9,28.2
206,713,"Amusement, gambling and recreation industries",0,Canada,1,Rural,2,Incorporated,2019,1.1,0.6,0.8,1.1,1.8,0.9,1.5,1.1,0.6,0.9,11.5,20.8,21.1,4.2,11.2,0.5,0.6,0.5,0.4,0.5,1.7,1.6,2,1.1,2.4,12.6,10.5,10.9,18.8,12.1,48.6,73.2,71.9,24.1,52.7,16.6,27,17,3.9,27.4,103.8,111.4,143.1,121.4,50.7,57.4,45,42.1,72.3,61.4,9.4,11.3,8.4,3.2,15.7,16.4,11.5,10.8,17.5,20.4
207,72,Accommodation and food services,0,Canada,1,Rural,2,Incorporated,2019,0.8,1.1,0.6,0.7,0.9,1.5,1.7,3.5,1.4,1.1,6.5,9.3,6.1,4.8,7.1,0.6,0.6,0.8,0.6,0.5,3.1,3.4,5.6,3,2.5,29.4,27.6,41.4,49.4,21.4,79.9,71,199.2,72.2,60.7,18.6,24.2,37.4,14.1,15.2,152,156.9,299.7,164.2,111.4,55.3,54.8,57.3,57.1,53.3,8.7,9.9,10,7.4,8.6,9,11.6,5,10.9,8.7
208,72,Accommodation and food services,0,Canada,2,Urban,2,Incorporated,2019,0.8,0.8,0.9,0.7,0.9,2.2,2.6,2.1,2,2.2,4.8,4.2,4.9,5.8,4.6,0.7,0.7,0.7,0.7,0.7,3.7,4.5,4.1,3.7,3.4,67.6,53.2,62.6,69.6,77.4,99.9,93.6,87.4,109.6,101.3,20.7,21,20.3,21.6,20.4,167.7,205.2,163.6,147.2,169.5,56.7,56,55.3,56.9,57.4,8.1,7.7,8.2,8.6,8,8.7,6.5,7.5,6.8,11.2
209,721,Accommodation services,0,Canada,1,Rural,2,Incorporated,2019,0.8,1.1,0.4,0.6,1,1.5,1.9,5.3,1.4,0.9,5.5,8.7,4.2,3.9,6.8,0.6,0.6,0.8,0.6,0.5,2,2.2,5.5,1.8,1.5,17.2,15,30.6,36.5,11.6,78.8,76.1,327.4,73.6,50.1,15.2,21.6,40.5,10.8,12.6,148.5,166,444.9,171.7,93.3,60.4,63.7,64.2,67.7,52.2,7.6,8.5,8.4,6.1,7.8,17.1,21.6,8.4,23.7,15.2
210,721,Accommodation services,0,Canada,2,Urban,2,Incorporated,2019,0.8,0.5,0.8,0.7,1,2.3,3,2.2,2.1,2.3,3,2.3,2.4,3.5,3.4,0.7,0.7,0.7,0.7,0.7,1.5,1.5,1.5,1.6,1.5,73.7,46.6,73.3,72.6,95.5,82.2,80.5,64.8,80.4,91.9,13.9,11.3,10,15,16,189.6,257,183.7,182.6,171.9,66.5,69.1,64.3,68.4,65.1,6.3,5.1,5.3,6.9,6.9,16.8,15.8,12.1,17.1,19.2
211,722,Food services and drinking places,0,Canada,2,Urban,2,Incorporated,2019,0.8,1,1,0.6,0.9,2,2,1.6,2.2,2.2,9.9,11.2,13.6,9.9,8.4,0.7,0.7,0.6,0.7,0.7,6.7,8,6.2,6.1,6.8,66,60.1,58.4,65.5,73.7,123.4,115.4,93.2,153.4,121.1,29.7,35.8,32.9,24.6,29.5,138.7,146.2,110,127.7,158.6,53.9,53.3,53.4,54.2,54.2,10.9,13.2,13.7,8.5,10.5,6.2,4.2,6.4,5.4,7.4
212,722,Food services and drinking places,0,Canada,1,Rural,2,Incorporated,2019,0.9,1,1.1,0.9,0.7,1.7,1.4,1.8,1.9,1.6,9.3,11.1,9.9,8.9,8.4,0.6,0.6,0.6,0.7,0.6,6.5,5.5,5.6,7.6,6.8,79.3,75.1,53.8,97.6,91.8,83.2,58.4,89.3,67.9,101,28.4,28.9,28.3,33.9,25,162.2,132,159.7,178.3,169.7,50.9,47.6,51.1,50.2,52.7,11.9,13.2,11.2,13.1,10.9,1.8,3.4,2.6,0.8,1.6
213,81,Other services (except public administration),0,Canada,2,Urban,2,Incorporated,2019,1.6,1.6,2,1.7,1.5,0.7,1.1,1,0.8,0.6,12.6,10.7,10.7,13.2,14.6,0.4,0.5,0.5,0.5,0.4,1.4,2.2,1.9,1.7,1,18.3,14.6,22.1,21.8,17,44.5,71.6,59.9,49.3,34.9,10.3,15,15.7,14.3,6.9,33.2,46.2,41.6,48.6,23.8,46.3,42.3,48.2,49.4,45.2,6.5,8,8.7,8.4,4.7,45.9,40.8,41.4,39.2,54
214,81,Other services (except public administration),0,Canada,1,Rural,2,Incorporated,2019,1.8,1.4,1.4,1.8,2.1,0.7,1.6,1.5,0.3,0.9,19.9,12.4,9.3,19.7,41.9,0.4,0.6,0.6,0.2,0.5,2,3.3,4.3,0.9,3.5,10.8,7.5,11.3,8.8,15.6,43,90.3,93.6,20.5,60.3,24,23.8,35.1,13,48.1,38.4,77.8,92.8,21.4,43,40.8,43.7,36.2,44.3,39.8,15,9.8,15.8,10.5,25.7,44.1,41.9,41.6,47.2,44.3
215,811,Repair and maintenance,0,Canada,1,Rural,2,Incorporated,2019,1.6,1.6,1.4,1.7,1.7,1.3,1.5,1.8,1.4,1,11.8,15.4,12.6,7.5,16.4,0.6,0.6,0.6,0.6,0.5,4.3,3.8,5.5,4.2,4.1,7.9,5.7,10.1,6.4,9.9,91.5,96.2,118.3,92.2,78.1,34.8,33.2,47.8,32,32.1,68.4,73.5,92.3,70.2,55.2,35.1,41.4,40.5,33,31,16.2,14.1,18.5,15.4,16.7,51.9,45.5,41.2,55.7,57.9
216,811,Repair and maintenance,0,Canada,2,Urban,2,Incorporated,2019,1.7,1.8,1.8,1.7,1.7,1.4,1.4,1.5,1.2,1.5,13.9,14.9,14.4,12.5,14.2,0.6,0.6,0.6,0.5,0.6,3.9,4.2,4.4,3.5,3.9,10.3,11.5,10.9,11.5,9.1,80.6,76.9,87,70.2,86.2,29.4,32.8,31.1,27.9,28.6,67,76.4,57,62.4,70.8,36.6,34.2,39.4,37.8,35.5,13.3,14.6,13.4,14,12.5,49.1,45.7,44.9,48.5,52.7
217,812,Personal and laundry services,0,Canada,1,Rural,2,Incorporated,2019,X,X,X,X,X,X,X,X,X,X,X,X,X,X,X,X,X,X,X,X,X,X,X,X,X,X,X,X,X,X,X,X,X,X,X,X,X,X,X,X,X,X,X,X,X,X,X,X,X,X,X,X,X,X,X,X,X,X,X,X
218,812,Personal and laundry services,0,Canada,2,Urban,2,Incorporated,2019,X,X,X,X,X,X,X,X,X,X,X,X,X,X,X,X,X,X,X,X,X,X,X,X,X,X,X,X,X,X,X,X,X,X,X,X,X,X,X,X,X,X,X,X,X,X,X,X,X,X,X,X,X,X,X,X,X,X,X,X
219,813,"Religious, grant-making, civic, and professional and similar organizations",0,Canada,2,Urban,2,Incorporated,2019,1.7,1.6,2,1.8,1.5,0.5,0.8,0.7,0.7,0.3,14.5,6.7,12.3,21.4,21.9,0.3,0.5,0.4,0.4,0.2,0.7,1.3,1.1,1.2,0.5,69,34.9,1563.6,170.9,47.6,34,61.9,51.2,42.8,24.1,5.6,8.3,9.1,11.8,2.8,19.8,30.4,26.2,34.3,13.2,66.6,63.4,77.4,78.5,57.3,4.1,5.3,5.7,7.5,2.2,47.9,39.2,41.8,36.5,61.1
220,813,"Religious, grant-making, civic, and professional and similar organizations",0,Canada,1,Rural,2,Incorporated,2019,3.5,1.6,4.6,5.3,2.9,0.2,0.7,0.1,0.3,1.3,187.2,-8.5,79,1160.8,103.8,0.2,0.4,0.1,0.2,0.6,0.7,2.3,0.2,1.6,4.2,320.7,145706,71.4,1671,X,10.1,50.2,3.3,14.4,61.2,15.1,-2.6,4,86.5,35,13,38.4,9.1,17.7,37.1,62.6,34.3,74.3,58,71.5,12.7,-1.4,3.8,67,15.1,29,29.6,22.1,27.2,33.9
221,814,Private households,0,Canada,1,Rural,2,Incorporated,2019,X,X,X,X,X,X,X,X,X,X,X,X,X,X,X,X,X,X,X,X,X,X,X,X,X,X,X,X,X,X,X,X,X,X,X,X,X,X,X,X,X,X,X,X,X,X,X,X,X,X,X,X,X,X,X,X,X,X,X,X
222,814,Private households,0,Canada,2,Urban,2,Incorporated,2019,X,X,X,X,X,X,X,X,X,X,X,X,X,X,X,X,X,X,X,X,X,X,X,X,X,X,X,X,X,X,X,X,X,X,X,X,X,X,X,X,X,X,X,X,X,X,X,X,X,X,X,X,X,X,X,X,X,X,X,X
